FileName1,FileName2,RF_1,CI_1,RF_2,CI_2,RF_3,CI_3,RF_4,CI_4,RF_5,CI_5,RF_mean,RF_var,CI_mean,CI_var,FileName1_num,FileName2_num,ProteinFamily
PF00066_0,PF00066_sr0,0.0396039603960396,0.313493804628643,0.0297029702970297,0.280819828146785,0.0396039603960396,0.292836046654513,0.0297029702970297,0.312891249331305,0.0594059405940594,0.319199801623814,0.0396039603960396,0.012126186845461276,0.30384814607701205,0.016294627441097956,0,0,PF00066
PF00066_1,PF00066_sr1,0.0099009900990099,0.224073579220462,0.0099009900990099,0.209063634688479,0.0,0.246004131203684,0.0,0.236726248730166,0.0297029702970297,0.215693116676902,0.0099009900990099,0.012126186845461278,0.2263121421039386,0.015095644441290171,1,1,PF00066
PF00066_2,PF00066_sr2,0.0099009900990099,0.173582613790651,0.0198019801980198,0.165056981750358,0.0198019801980198,0.170600824161327,0.0,0.206375858742022,0.0297029702970297,0.174328882462825,0.01584158415841584,0.011288865595040968,0.17798903218143658,0.01628226556163511,2,2,PF00066
PF00066_3,PF00066_sr3,0.0198019801980198,0.17465188287662,0.0297029702970297,0.170168299823693,0.0297029702970297,0.164992737677099,0.0099009900990099,0.215958766374806,0.0297029702970297,0.170938495245442,0.02376237623762376,0.008855714762375405,0.179342036399532,0.020757298563804014,3,3,PF00066
PF00066_4,PF00066_sr4,0.0198019801980198,0.170716092805474,0.0099009900990099,0.180469544868079,0.0198019801980198,0.167729792178398,0.0099009900990099,0.191365401269619,0.0297029702970297,0.180489804696691,0.017821782178217817,0.008283762638951243,0.1781541271636522,0.009345392276217439,4,4,PF00066
PF00066_5,PF00066_sr5,0.0099009900990099,0.15228764014877,0.0099009900990099,0.169033989864145,0.0297029702970297,0.16087741952718,0.0198019801980198,0.192058280144258,0.0297029702970297,0.167671791276621,0.0198019801980198,0.009900990099009901,0.1683858241921948,0.014805765791194175,5,5,PF00066
PF00066_6,PF00066_sr6,0.0099009900990099,0.145073847720888,0.0099009900990099,0.158685787382467,0.0297029702970297,0.158477973890494,0.0198019801980198,0.187371474422205,0.0099009900990099,0.161894390365431,0.01584158415841584,0.008855714762375405,0.162300694756297,0.015436596817588546,6,6,PF00066
PF00066_7,PF00066_sr7,0.0099009900990099,0.157517915263067,0.0198019801980198,0.165958404930454,0.0198019801980198,0.149620376478385,0.0297029702970297,0.187912883132135,0.0198019801980198,0.166865378966534,0.0198019801980198,0.007001057239470768,0.165574991754115,0.014320088391985755,7,7,PF00066
PF00066_8,PF00066_sr8,0.0,0.151999790362242,0.0099009900990099,0.143855059087651,0.0297029702970297,0.149754564217866,0.0297029702970297,0.19091633618926,0.0198019801980198,0.17308994677262,0.01782178217821782,0.01290931169347059,0.1619231393259278,0.019610619898538833,8,8,PF00066
PF00066_9,PF00066_sr9,0.0099009900990099,0.154125786259774,0.0099009900990099,0.166418662466295,0.0297029702970297,0.161771421334295,0.0396039603960396,0.199025988986927,0.0297029702970297,0.166976031514881,0.023762376237623763,0.013283572143563106,0.1696635781124344,0.0172018361730255,9,9,PF00066
PF00066_10,PF00066_sr10,0.0,0.142855272662645,0.0,0.165881537925888,0.0297029702970297,0.162677917540127,0.0297029702970297,0.205021408067829,0.0297029702970297,0.169938009243819,0.01782178217821782,0.01626898685658909,0.1692748290880616,0.022534885984147275,10,10,PF00066
PF00066_11,PF00066_sr11,0.0,0.160437761672107,0.0,0.167151064285484,0.0297029702970297,0.161874963372514,0.0297029702970297,0.198326681424976,0.0198019801980198,0.174964212372369,0.01584158415841584,0.01501559493871594,0.17255093662549,0.015492554287758606,11,11,PF00066
PF00168_0,PF00168_sr0,0.0509803921568627,0.487761629570417,0.0470588235294118,0.500942581408865,0.0509803921568627,0.505689718526122,0.0509803921568627,0.491928958706364,0.0666666666666667,0.534047536187501,0.05333333333333332,0.007644544584163907,0.5040740848798538,0.018196322824626035,0,0,PF00168
PF00168_1,PF00168_sr1,0.0156862745098039,0.36780722721823,0.0274509803921569,0.347581265167624,0.0274509803921569,0.354906389431518,0.0156862745098039,0.354109529283287,0.0235294117647059,0.368816441845492,0.021960784313725498,0.005947353289452226,0.3586441705892302,0.009278450374673916,1,1,PF00168
PF00168_2,PF00168_sr2,0.0235294117647059,0.337265718232478,0.0274509803921569,0.313693217708466,0.0156862745098039,0.327103606800312,0.0156862745098039,0.297408067972031,0.0313725490196078,0.331904284474364,0.02274509803921568,0.007015115223528756,0.3214749790375302,0.01604346692836959,2,2,PF00168
PF00168_3,PF00168_sr3,0.0078431372549019,0.2584977904431,0.0196078431372549,0.26296726449268,0.0196078431372549,0.254941964597642,0.0,0.231775659020108,0.0156862745098039,0.262758905270318,0.012549019607843121,0.008501758191638752,0.2541883167647696,0.012961401218236173,3,3,PF00168
PF00168_4,PF00168_sr4,0.0117647058823529,0.199624105237254,0.0196078431372549,0.199525204236625,0.0196078431372549,0.204787549004935,0.0078431372549019,0.19279917064129,0.0196078431372549,0.224551664505108,0.0156862745098039,0.005545935538718049,0.2042575387250424,0.01211703704307177,4,4,PF00168
PF00168_5,PF00168_sr5,0.0,0.158898244888855,0.0156862745098039,0.157530279362613,0.0078431372549019,0.161171083433052,0.0078431372549019,0.160761206421439,0.0156862745098039,0.169771686482565,0.00941176470588232,0.006562039423796668,0.1616265001177048,0.004783372228981166,5,5,PF00168
PF00168_6,PF00168_sr6,0.0,0.136263777945078,0.0078431372549019,0.146176910546724,0.0078431372549019,0.15381223031344,0.0,0.134779860036536,0.0117647058823529,0.152239000464357,0.00549019607843134,0.005261336417646538,0.144654355861227,0.008826368683771102,6,6,PF00168
PF00168_7,PF00168_sr7,0.0078431372549019,0.147146572610557,0.0078431372549019,0.151815188735478,0.0078431372549019,0.158495630302248,0.0,0.142057516657448,0.0117647058823529,0.145191905388745,0.00705882352941172,0.00429586319611893,0.14894136273889522,0.006407221383509434,7,7,PF00168
PF00168_8,PF00168_sr8,0.0078431372549019,0.142634100127398,0.0039215686274509,0.146071800810209,0.0078431372549019,0.15666777714519,0.0078431372549019,0.135376415664391,0.0078431372549019,0.140092588091824,0.007058823529411699,0.001753778805882197,0.1441685363678024,0.008001916503821314,8,8,PF00168
PF00168_9,PF00168_sr9,0.0078431372549019,0.141809514866039,0.0196078431372549,0.15347973444284,0.0039215686274509,0.156347222411664,0.0117647058823529,0.153207060796417,0.0078431372549019,0.15183095685936,0.0101960784313725,0.005947353289452227,0.151334897875264,0.005572425664629442,9,9,PF00168
PF00168_10,PF00168_sr10,0.0039215686274509,0.135295125978644,0.0196078431372549,0.152357796504296,0.0039215686274509,0.144466364077202,0.0156862745098039,0.152251488259736,0.0117647058823529,0.15724176625403,0.0109803921568627,0.007015115223528788,0.1483225082147816,0.008600234521221826,10,10,PF00168
PF00168_11,PF00168_sr11,0.0039215686274509,0.135910742368259,0.0117647058823529,0.159611195362886,0.0117647058823529,0.147691337898419,0.0117647058823529,0.162659214409272,0.0039215686274509,0.156303557937939,0.0086274509803921,0.004295863196118971,0.152435209595355,0.010799901630185548,11,11,PF00168
PF00484_0,PF00484_sr0,0.0441767068273092,0.419545497393852,0.0481927710843374,0.41021648109434,0.0441767068273092,0.429248167914453,0.0642570281124498,0.422452126796117,0.036144578313253,0.424696784248506,0.047389558232931714,0.010395324582766903,0.42123181148945366,0.007105250434429103,0,0,PF00484
PF00484_1,PF00484_sr1,0.0160642570281124,0.348819086217326,0.0160642570281124,0.353834068900635,0.0160642570281124,0.356406757932495,0.0080321285140562,0.343703636816062,0.0200803212851406,0.362480372664609,0.0152610441767068,0.004399377971929059,0.3530487845062254,0.007177563048609929,1,1,PF00484
PF00484_2,PF00484_sr2,0.0240963855421687,0.310456440285838,0.0160642570281124,0.285176311344104,0.0200803212851406,0.329683242857364,0.0281124497991968,0.313119945454441,0.0120481927710843,0.313790533559356,0.020080321285140562,0.006349955140900388,0.31044529470022064,0.016023144768228515,2,2,PF00484
PF00484_3,PF00484_sr3,0.0160642570281124,0.2669474332758,0.0120481927710843,0.243073129082644,0.0040160642570281,0.280197414224367,0.0120481927710843,0.255329651476576,0.0040160642570281,0.273897548884767,0.00963855421686744,0.0053881156084332115,0.2638890353888308,0.014849683233844023,3,3,PF00484
PF00484_4,PF00484_sr4,0.0120481927710843,0.259066870651402,0.0120481927710843,0.216049053146032,0.0040160642570281,0.246537308995614,0.0200803212851406,0.237649129561828,0.0040160642570281,0.238151231852342,0.01044176706827308,0.006720160855695401,0.2394907188414436,0.015712873062648285,4,4,PF00484
PF00484_5,PF00484_sr5,0.0120481927710843,0.215574158334299,0.0160642570281124,0.243244974085921,0.0080321285140562,0.247779529150691,0.0160642570281124,0.218564609414409,0.0040160642570281,0.225868317023282,0.011244979919678679,0.005236307152773195,0.2302063176017204,0.01455396879224093,5,5,PF00484
PF00484_6,PF00484_sr6,0.0080321285140562,0.193272898352502,0.0080321285140562,0.208447498348047,0.0040160642570281,0.225629897229373,0.0080321285140562,0.231916209361274,0.0040160642570281,0.207485868554032,0.00642570281124496,0.0021996889859645158,0.2133504743690456,0.0154678099250706,6,6,PF00484
PF00484_7,PF00484_sr7,0.0080321285140562,0.24040404364001,0.0160642570281124,0.234441727247079,0.0080321285140562,0.256260378655844,0.0160642570281124,0.231926960132563,0.0,0.227841146726577,0.00963855421686744,0.0067201608556953655,0.23817485128041457,0.011088433249034317,7,7,PF00484
PF00484_8,PF00484_sr8,0.0120481927710843,0.233909544002833,0.0160642570281124,0.225509868030745,0.0080321285140562,0.244063083280205,0.0160642570281124,0.22503601824794,0.0040160642570281,0.219017697493907,0.011244979919678679,0.005236307152773195,0.22950724221112603,0.0097115158798078,8,8,PF00484
PF00484_9,PF00484_sr9,0.0120481927710843,0.252681318287681,0.0120481927710843,0.25728682625296,0.0120481927710843,0.263353688489651,0.0120481927710843,0.231470607226842,0.0,0.240832655278518,0.00963855421686744,0.0053881156084332115,0.24912501910713042,0.012866224668189643,9,9,PF00484
PF00484_10,PF00484_sr10,0.0240963855421687,0.265250078128206,0.0160642570281124,0.265604195244248,0.0120481927710843,0.258210866879285,0.0080321285140562,0.25603693338325,0.0160642570281124,0.257849209973956,0.0152610441767068,0.0059567859334101895,0.260590256721789,0.004493359037746742,10,10,PF00484
PF00484_11,PF00484_sr11,0.0281124497991968,0.262940045976271,0.0240963855421687,0.250270484027936,0.0080321285140562,0.283473036174436,0.0120481927710843,0.254793229316999,0.0200803212851406,0.275051926635526,0.01847389558232932,0.008327888093705937,0.26530574442623356,0.013849251924234822,11,11,PF00484
PF00672_0,PF00672_sr0,0.0191387559808612,0.331195444034897,0.0191387559808612,0.334450825034262,0.0191387559808612,0.328774826077328,0.0382775119617225,0.347679316180374,0.0382775119617225,0.341831947929377,0.02679425837320572,0.010482728373304643,0.33678647185124755,0.007826432656984,0,0,PF00672
PF00672_1,PF00672_sr1,0.0,0.261130194190753,0.0047846889952153,0.249343200505963,0.0095693779904306,0.24179953349654,0.0287081339712919,0.26125763092876,0.0143540669856459,0.261404625485803,0.01148325358851674,0.011015181275809909,0.25498703692156377,0.00900010152009419,1,1,PF00672
PF00672_2,PF00672_sr2,0.0,0.226411109059979,0.0,0.222650993876021,0.0047846889952153,0.200522413580467,0.0287081339712919,0.22487328028081,0.0095693779904306,0.228659167876624,0.008612440191387561,0.011913779519606458,0.2206233929347802,0.011448727177018864,2,2,PF00672
PF00672_3,PF00672_sr3,0.0,0.166783680048596,0.0,0.170357015189266,0.0047846889952153,0.163003586473148,0.0191387559808612,0.165932539253398,0.0095693779904306,0.166570032724362,0.006698564593301421,0.008006316043388265,0.166529370737754,0.002622239080022466,3,3,PF00672
PF00672_4,PF00672_sr4,0.0,0.158711636344527,0.0143540669856459,0.157476572006327,0.0047846889952153,0.149587156517658,0.0239234449760766,0.155610535816865,0.0095693779904306,0.141290341474721,0.01052631578947368,0.009203533043861902,0.1525352484320196,0.007196544608786039,4,4,PF00672
PF00672_5,PF00672_sr5,0.0,0.143411278357222,0.0047846889952153,0.150155665679321,0.0095693779904306,0.146876888698179,0.0143540669856459,0.138780847337218,0.0095693779904306,0.135677764178428,0.0076555023923444805,0.005455384809086772,0.1429804888500736,0.0058697838625692885,5,5,PF00672
PF00672_6,PF00672_sr6,0.0,0.138163405112891,0.0095693779904306,0.137868791412196,0.0143540669856459,0.141457340837772,0.0143540669856459,0.138691249785138,0.0095693779904306,0.131211018618135,0.009569377990430599,0.005860023308093714,0.1374783611532264,0.0037816888300534765,6,6,PF00672
PF00672_7,PF00672_sr7,0.0,0.141262567059244,0.0095693779904306,0.142790209438588,0.0143540669856459,0.133110473183733,0.0095693779904306,0.136242579103458,0.0095693779904306,0.135324738256571,0.00861244019138754,0.005241364186652296,0.1377461134083188,0.004105520197395073,7,7,PF00672
PF00672_8,PF00672_sr8,0.0,0.153662246572146,0.0191387559808612,0.155627066652427,0.0143540669856459,0.14208145304322,0.0095693779904306,0.140323249476723,0.0191387559808612,0.142054856482931,0.012440191387559783,0.008006316043388265,0.1467497744454894,0.007275374395750665,8,8,PF00672
PF00672_9,PF00672_sr9,0.0047846889952153,0.15632647295558,0.0095693779904306,0.140394640739843,0.0191387559808612,0.148794940355268,0.0239234449760766,0.151688169173446,0.0143540669856459,0.147174087371589,0.01435406698564592,0.007565257560211448,0.14887566211914519,0.005879081014743955,9,9,PF00672
PF00672_10,PF00672_sr10,0.0047846889952153,0.143907585858089,0.0095693779904306,0.149234049197339,0.0191387559808612,0.139584854349374,0.0239234449760766,0.14981659117105,0.0095693779904306,0.143818991354874,0.01339712918660286,0.007862046279978477,0.1452724143861452,0.00426226546628764,10,10,PF00672
PF00672_11,PF00672_sr11,0.0047846889952153,0.150838770617712,0.0095693779904306,0.151028181516825,0.0239234449760766,0.149336716610249,0.0287081339712919,0.134941568896448,0.0191387559808612,0.143044117817641,0.017224880382775122,0.009921742274319507,0.145837871091775,0.006905155632345797,11,11,PF00672
PF00699_0,PF00699_sr0,0.0171821305841924,0.354555339461908,0.0274914089347079,0.340344847537244,0.0412371134020619,0.388523662980499,0.0274914089347079,0.365086318638435,0.0206185567010309,0.354485813503857,0.0268041237113402,0.009220898876287827,0.3605991964243886,0.017916824528674626,0,0,PF00699
PF00699_1,PF00699_sr1,0.0034364261168384,0.315850158175845,0.013745704467354,0.307223175469354,0.0274914089347079,0.304494425099349,0.0206185567010309,0.307708163653847,0.0103092783505155,0.317535652540682,0.015120274914089338,0.00928471208667101,0.31056231498781545,0.005759862031049606,1,1,PF00699
PF00699_2,PF00699_sr2,0.0068728522336769,0.266261194040753,0.0171821305841924,0.289526550693433,0.0309278350515464,0.286094426501574,0.0103092783505155,0.276516821638098,0.0068728522336769,0.297552392155697,0.014432989690721617,0.010136000827321417,0.28319027700591104,0.012103528996737398,2,2,PF00699
PF00699_3,PF00699_sr3,0.0034364261168384,0.219939168764216,0.0068728522336769,0.237668534193841,0.0171821305841924,0.23077856729393,0.0034364261168384,0.232347495215926,0.0068728522336769,0.220984974613016,0.007560137457044601,0.005646624304176989,0.2283437480161858,0.007643599809898681,3,3,PF00699
PF00699_4,PF00699_sr4,0.013745704467354,0.169441493334708,0.0068728522336769,0.162265175784436,0.0103092783505155,0.159298397365016,0.0103092783505155,0.171098640793309,0.0034364261168384,0.157730796913801,0.008934707903780061,0.003918128608588165,0.163966900838254,0.006008590990901351,4,4,PF00699
PF00699_5,PF00699_sr5,0.0034364261168384,0.157957781431085,0.0034364261168384,0.143346082607312,0.013745704467354,0.148349150969092,0.0068728522336769,0.161054532362328,0.0034364261168384,0.155827993147854,0.00618556701030922,0.004480551481238992,0.1533071081035342,0.007276839532643441,5,5,PF00699
PF00699_6,PF00699_sr6,0.0034364261168384,0.144224950582925,0.0034364261168384,0.14647360014647,0.0068728522336769,0.146199412033902,0.0068728522336769,0.16838861390276,0.0034364261168384,0.153346485569689,0.0048109965635738,0.0018822081013923303,0.1517266124471492,0.009933092353395614,6,6,PF00699
PF00699_7,PF00699_sr7,0.0068728522336769,0.159125016739282,0.0034364261168384,0.154382554361515,0.0068728522336769,0.148214036967927,0.0068728522336769,0.164303939113897,0.0068728522336769,0.15044364888967,0.0061855670103092,0.0015368164793813045,0.15529383921445822,0.0065256840167227555,7,7,PF00699
PF00699_8,PF00699_sr8,0.0034364261168384,0.161862065745063,0.0103092783505155,0.152499809096685,0.0103092783505155,0.15023281121371,0.013745704467354,0.150641486892609,0.0068728522336769,0.150282755355624,0.008934707903780061,0.003918128608588165,0.1531037856607382,0.004983369322225636,8,8,PF00699
PF00699_9,PF00699_sr9,0.0034364261168384,0.164100715487218,0.0103092783505155,0.157131304938916,0.0103092783505155,0.151752333703876,0.013745704467354,0.16406771879383,0.0068728522336769,0.158218581107286,0.008934707903780061,0.003918128608588165,0.15905413080622519,0.005203742042779221,9,9,PF00699
PF00699_10,PF00699_sr10,0.0034364261168384,0.152765650692351,0.0103092783505155,0.144540408149964,0.0068728522336769,0.152423382245787,0.0171821305841924,0.175793520361747,0.0068728522336769,0.14820615297633,0.00893470790378002,0.005211598243334423,0.1547458228852358,0.012239670685279123,10,10,PF00699
PF00699_11,PF00699_sr11,0.0034364261168384,0.15482371641291,0.0103092783505155,0.140113616422849,0.0034364261168384,0.143552846809647,0.0171821305841924,0.151974791384536,0.0068728522336769,0.141815598783825,0.008247422680412321,0.005750240732192989,0.14645611396275343,0.006531906069085519,11,11,PF00699
PF01951_0,PF01951_sr0,0.037037037037037,0.412232247280814,0.0582010582010582,0.399533684253963,0.0423280423280423,0.385285668718985,0.0529100529100529,0.414218735847979,0.0740740740740741,0.432660012778228,0.05291005291005291,0.014490014748813942,0.4087860697759938,0.01767222851119024,0,0,PF01951
PF01951_1,PF01951_sr1,0.0105820105820106,0.381504034509727,0.037037037037037,0.342530992607908,0.0158730158730159,0.345085061696391,0.0423280423280423,0.356874687591219,0.037037037037037,0.374509873843607,0.02857142857142856,0.014295509085826738,0.3601009300497704,0.017394670062235263,1,1,PF01951
PF01951_2,PF01951_sr2,0.0052910052910052,0.357818930331214,0.0264550264550265,0.323321932758181,0.0158730158730159,0.330782266465872,0.0317460317460317,0.342360762538568,0.0423280423280423,0.357965963352566,0.02433862433862432,0.014295509085826781,0.3424499710892802,0.01564429659520673,2,2,PF01951
PF01951_3,PF01951_sr3,0.0,0.276802128508055,0.0105820105820106,0.27434759984454,0.0,0.25093052517733,0.0264550264550265,0.261759776200222,0.0264550264550265,0.278215695029472,0.01269841269841272,0.013280317881493283,0.2684111449519238,0.011742998743182222,3,3,PF01951
PF01951_4,PF01951_sr4,0.0,0.249052073176997,0.0317460317460317,0.227052373336119,0.0052910052910052,0.231082902793653,0.0158730158730159,0.207712225649946,0.0423280423280423,0.231359902833653,0.019047619047619018,0.01778596435340911,0.22925189555807363,0.014736337686714477,4,4,PF01951
PF01951_5,PF01951_sr5,0.0,0.200775771374471,0.0052910052910052,0.191134325979586,0.0052910052910052,0.205838272888081,0.0158730158730159,0.179902635861312,0.0211640211640212,0.191073352117988,0.0095238095238095,0.008694008849288391,0.1937448716442876,0.01001552995824059,5,5,PF01951
PF01951_6,PF01951_sr6,0.0,0.211863201576915,0.0052910052910052,0.173129577656206,0.0105820105820106,0.188560484896399,0.0264550264550265,0.19535866391327,0.0264550264550265,0.201406769969204,0.013756613756613759,0.01218080892404378,0.1940637396023988,0.014499506192190577,6,6,PF01951
PF01951_7,PF01951_sr7,0.0052910052910052,0.18671329912809,0.0105820105820106,0.157302072034121,0.0105820105820106,0.173181509394368,0.0211640211640212,0.168379543933311,0.0317460317460317,0.182863054063607,0.01587301587301586,0.010582010582010588,0.1736878957106994,0.011734297041583795,7,7,PF01951
PF01951_8,PF01951_sr8,0.0052910052910052,0.188398793012886,0.0052910052910052,0.183484783518762,0.0211640211640212,0.187277103587782,0.0105820105820106,0.197805683295304,0.0264550264550265,0.195370647750711,0.01375661375661374,0.009611588425706384,0.190467402233089,0.005939408624096555,8,8,PF01951
PF01951_9,PF01951_sr9,0.0105820105820106,0.200039079819789,0.0105820105820106,0.193009230341763,0.0264550264550265,0.207195981669088,0.0105820105820106,0.194450320015127,0.0211640211640212,0.18373287876891,0.0158730158730159,0.007482611441127499,0.1956854981229354,0.008703420142021778,9,9,PF01951
PF01951_10,PF01951_sr10,0.0105820105820106,0.204474712839017,0.0211640211640212,0.194589444473389,0.0317460317460317,0.217575133972178,0.0158730158730159,0.193543318419985,0.0211640211640212,0.176222997489462,0.02010582010582012,0.007847829086873695,0.19728112143880622,0.015233643543957643,10,10,PF01951
PF01951_11,PF01951_sr11,0.0158730158730159,0.202896532084848,0.0211640211640212,0.192970668628134,0.0317460317460317,0.228625216205414,0.0264550264550265,0.199570318829606,0.0211640211640212,0.198961843187387,0.0232804232804233,0.006032674206873722,0.2046049157870778,0.013896407349618502,11,11,PF01951
PF03147_0,PF03147_sr0,0.10752688172043,0.433221939964842,0.0967741935483871,0.370040385735644,0.0752688172043011,0.336391975464336,0.0645161290322581,0.401294960662969,0.0537634408602151,0.369502499790944,0.07956989247311828,0.022297248767018996,0.382090352323747,0.036658060538947754,0,0,PF03147
PF03147_1,PF03147_sr1,0.032258064516129,0.284482759839598,0.021505376344086,0.280843860139419,0.0,0.252429835531349,0.043010752688172,0.288654481459287,0.032258064516129,0.270644062483019,0.025806451612903198,0.016307259019465684,0.2754109998905344,0.014474634802563216,1,1,PF03147
PF03147_2,PF03147_sr2,0.021505376344086,0.200793038586347,0.021505376344086,0.209051667864799,0.0,0.175052546022384,0.021505376344086,0.21303324707863,0.021505376344086,0.208747975812614,0.0172043010752688,0.00961749667741844,0.2013356950729548,0.015349342533887712,2,2,PF03147
PF03147_3,PF03147_sr3,0.010752688172043,0.191565440459922,0.021505376344086,0.192325111436266,0.010752688172043,0.163302240616469,0.0,0.175589202522011,0.010752688172043,0.176153263958582,0.010752688172043,0.007603298722435987,0.17978705179864998,0.012232219047055203,3,3,PF03147
PF03147_4,PF03147_sr4,0.010752688172043,0.163754744053761,0.021505376344086,0.170085025438785,0.010752688172043,0.15689657927842,0.0,0.154519276325331,0.010752688172043,0.155781231425033,0.010752688172043,0.007603298722435987,0.160207371304266,0.006577582899199524,4,4,PF03147
PF03147_5,PF03147_sr5,0.010752688172043,0.170900367824318,0.021505376344086,0.183439135483822,0.010752688172043,0.156811207111224,0.0,0.174448198777963,0.010752688172043,0.157789928606359,0.010752688172043,0.007603298722435987,0.1686777675607372,0.011352269655486375,5,5,PF03147
PF03147_6,PF03147_sr6,0.010752688172043,0.157848546762731,0.0,0.16217276694535,0.021505376344086,0.137033332482812,0.0,0.150223933760056,0.0,0.151149338393262,0.0064516129032257995,0.00961749667741844,0.15168558366884222,0.009553475433600857,6,6,PF03147
PF03147_7,PF03147_sr7,0.010752688172043,0.15626508437562,0.010752688172043,0.145738402580271,0.021505376344086,0.159565314470753,0.0,0.161503666238568,0.0,0.145282215926537,0.0086021505376344,0.008996344371334137,0.1536709367183498,0.007683109352134425,7,7,PF03147
PF03147_8,PF03147_sr8,0.010752688172043,0.17772014193206,0.021505376344086,0.154511087767564,0.021505376344086,0.161789129587464,0.010752688172043,0.172399020565575,0.021505376344086,0.157611575409051,0.0172043010752688,0.005889489865646942,0.1648061910523428,0.009890342424842753,8,8,PF03147
PF03147_9,PF03147_sr9,0.021505376344086,0.167306770843406,0.032258064516129,0.162968781662551,0.021505376344086,0.147868092332868,0.0,0.168507409504313,0.032258064516129,0.174440056172892,0.021505376344085995,0.013169299692382664,0.16421822210320597,0.010016361596810451,9,9,PF03147
PF03147_10,PF03147_sr10,0.032258064516129,0.176015928687417,0.032258064516129,0.178376415159883,0.032258064516129,0.159382815263738,0.010752688172043,0.166128368827496,0.032258064516129,0.184749117423616,0.027956989247311798,0.009617496677418439,0.17293052907242998,0.010107748638006023,10,10,PF03147
PF03147_11,PF03147_sr11,0.021505376344086,0.163362126174487,0.043010752688172,0.179165441434211,0.021505376344086,0.158824272378031,0.021505376344086,0.187349948286383,0.032258064516129,0.15305385744902,0.027956989247311798,0.00961749667741844,0.1683511291444264,0.014383689989831555,11,11,PF03147
PF03463_0,PF03463_sr0,0.0543933054393305,0.349639437497095,0.0543933054393305,0.320897500258808,0.0334728033472803,0.315957021152003,0.0711297071129707,0.339843630600056,0.0543933054393305,0.338788134000784,0.0535564853556485,0.013362945123574329,0.3330251447017492,0.014090237062763352,0,0,PF03463
PF03463_1,PF03463_sr1,0.00836820083682,0.287519406243582,0.0125523012552301,0.288589236741343,0.0125523012552301,0.288513230443617,0.0460251046025105,0.317551363387309,0.0292887029288703,0.285332822123714,0.0217573221757322,0.015766898478173072,0.293501211787913,0.013508532821697204,1,1,PF03463
PF03463_2,PF03463_sr2,0.00836820083682,0.29082981628685,0.0125523012552301,0.278805135163332,0.0209205020920502,0.30060560307867,0.0418410041841004,0.307657138507141,0.0334728033472803,0.28707048777368,0.023430962343096197,0.01406505130876287,0.29299363616193463,0.011336221871040072,2,2,PF03463
PF03463_3,PF03463_sr3,0.0125523012552301,0.245624632807332,0.0167364016736402,0.239387248678366,0.0125523012552301,0.246275666934621,0.0292887029288703,0.260352782409365,0.00836820083682,0.233633346121885,0.01589958158995814,0.00804827785007172,0.24505473539031378,0.009980158289701559,3,3,PF03463
PF03463_4,PF03463_sr4,0.00836820083682,0.220813106214045,0.0167364016736402,0.218025637333851,0.0209205020920502,0.209458818672677,0.0292887029288703,0.248418560393941,0.00418410041841,0.229903030929614,0.01589958158995814,0.009989402833735027,0.22532383070882558,0.014829400550967124,4,4,PF03463
PF03463_5,PF03463_sr5,0.00418410041841,0.206576628143186,0.00836820083682,0.19298634216684,0.0125523012552301,0.201592571607659,0.0292887029288703,0.212165961794765,0.0,0.203740875208942,0.010878661087866079,0.011304816808457165,0.2034124757842784,0.007049105210752646,5,5,PF03463
PF03463_6,PF03463_sr6,0.00836820083682,0.185870794652604,0.00836820083682,0.170680327186689,0.00836820083682,0.177825919347375,0.00836820083682,0.205776484430416,0.00836820083682,0.204915947647006,0.00836820083682,0.0,0.18901389465281798,0.015851098310240584,6,6,PF03463
PF03463_7,PF03463_sr7,0.00418410041841,0.182516417966959,0.00836820083682,0.180605817038431,0.00418410041841,0.186406798082656,0.00836820083682,0.223663420664677,0.00418410041841,0.192572629557213,0.005857740585774,0.0022917261820299606,0.1931530166619872,0.01765858514229903,7,7,PF03463
PF03463_8,PF03463_sr8,0.0,0.181330184188946,0.00836820083682,0.17469230956069,0.0,0.187341650612172,0.0167364016736402,0.195844744811595,0.0,0.192466588646728,0.00502092050209204,0.007484746368200137,0.18633509556402622,0.008509485781935385,8,8,PF03463
PF03463_9,PF03463_sr9,0.00418410041841,0.187327712732871,0.0125523012552301,0.199765337979682,0.00836820083682,0.193607385076966,0.00836820083682,0.20788570519682,0.0,0.207029738429925,0.006694560669456021,0.004770608473218133,0.1991231758832528,0.008792964838215657,9,9,PF03463
PF03463_10,PF03463_sr10,0.00418410041841,0.21820103820334,0.0125523012552301,0.20080038479395,0.00836820083682,0.193843672705046,0.0167364016736402,0.224781379062535,0.0,0.213985964795035,0.00836820083682006,0.006615643640519635,0.21032248791198122,0.012715875405221238,10,10,PF03463
PF03463_11,PF03463_sr11,0.0167364016736402,0.22103182824169,0.0125523012552301,0.214425804849812,0.00418410041841,0.211964107321894,0.0209205020920502,0.257310142057611,0.0125523012552301,0.251194063928482,0.01338912133891212,0.006206023838573796,0.23118518927989778,0.021425953425836135,11,11,PF03463
PF04972_0,PF04972_sr0,0.0222222222222222,0.343447729383145,0.0296296296296296,0.345151186438877,0.0444444444444444,0.350141578667657,0.037037037037037,0.329853778851932,0.0444444444444444,0.331558739581033,0.03555555555555552,0.009658077637337247,0.34003060258452883,0.008880725983206116,0,0,PF04972
PF04972_1,PF04972_sr1,0.0074074074074074,0.273051688755664,0.0148148148148148,0.27573123727068,0.0222222222222222,0.290684492642407,0.0148148148148148,0.262404134583524,0.0222222222222222,0.246678716219073,0.01629629629629628,0.006197481678030183,0.26971005389426955,0.016364345584858178,1,1,PF04972
PF04972_2,PF04972_sr2,0.0222222222222222,0.238658851906279,0.0148148148148148,0.191926525065936,0.0148148148148148,0.208136896990359,0.0148148148148148,0.183610005184939,0.0222222222222222,0.216723146829733,0.01777777777777776,0.004057204129667893,0.2078110851954492,0.021616702056095373,2,2,PF04972
PF04972_3,PF04972_sr3,0.0148148148148148,0.175533508927623,0.0074074074074074,0.17053806281223,0.0148148148148148,0.17220314649963,0.0074074074074074,0.163139929497165,0.0296296296296296,0.18369617907288,0.0148148148148148,0.00907218423253028,0.1730221653619056,0.007495691400190733,3,3,PF04972
PF04972_4,PF04972_sr4,0.0074074074074074,0.164266567069683,0.0074074074074074,0.154023844988051,0.0074074074074074,0.149116420650614,0.0148148148148148,0.156422589707279,0.0148148148148148,0.157126451443171,0.01037037037037036,0.004057204129667893,0.15619117477175962,0.005497493073116271,4,4,PF04972
PF04972_5,PF04972_sr5,0.0074074074074074,0.15770155050468,0.0074074074074074,0.13905658403608,0.0,0.150313161749158,0.0074074074074074,0.152491959855946,0.0148148148148148,0.138410843542077,0.0074074074074074,0.005237828008789236,0.1475948199375882,0.008525905510316772,5,5,PF04972
PF04972_6,PF04972_sr6,0.0148148148148148,0.158265800802699,0.0074074074074074,0.150360072264669,0.0,0.149168131366834,0.0148148148148148,0.164718693606765,0.0074074074074074,0.151145974745398,0.00888888888888888,0.006197481678030183,0.15473173455727302,0.006617245657616661,6,6,PF04972
PF04972_7,PF04972_sr7,0.0296296296296296,0.175535914004674,0.0074074074074074,0.149517680514133,0.0074074074074074,0.136161876892587,0.0148148148148148,0.158920758605577,0.0074074074074074,0.16272558250383,0.013333333333333319,0.009658077637337247,0.15657236250416018,0.014742369441568547,7,7,PF04972
PF04972_8,PF04972_sr8,0.0222222222222222,0.191446861386985,0.0074074074074074,0.156203103985187,0.0148148148148148,0.149764307349465,0.0148148148148148,0.15151003242479,0.0,0.165777910197769,0.011851851851851839,0.008445743889623235,0.1629404430688392,0.017104996952293974,8,8,PF04972
PF04972_9,PF04972_sr9,0.0148148148148148,0.186666947349376,0.0148148148148148,0.148781951794101,0.0222222222222222,0.150020202687926,0.0148148148148148,0.157039972531997,0.0,0.16343356628168,0.013333333333333319,0.008114408259335786,0.16118852812901602,0.015411482613047449,9,9,PF04972
PF04972_10,PF04972_sr10,0.0074074074074074,0.189557487276827,0.0148148148148148,0.14700639682314,0.0296296296296296,0.165203203396462,0.0148148148148148,0.148926735871224,0.0148148148148148,0.158233910487603,0.016296296296296277,0.008114408259335786,0.16178554677105123,0.01717081439169259,10,10,PF04972
PF04972_11,PF04972_sr11,0.0074074074074074,0.195225830988967,0.0222222222222222,0.138285183381902,0.037037037037037,0.169510476649052,0.0222222222222222,0.154646658234763,0.0222222222222222,0.166973601552807,0.0222222222222222,0.010475656017578472,0.1649283501614982,0.02096835595495092,11,11,PF04972
PF06427_0,PF06427_sr0,0.0328947368421053,0.358292396559118,0.0197368421052632,0.343513162843171,0.0328947368421053,0.353258496255353,0.0263157894736842,0.346335782492746,0.0723684210526316,0.331654640230269,0.03684210526315792,0.020595362950655956,0.3466108956761314,0.010173608863992717,0,0,PF06427
PF06427_1,PF06427_sr1,0.0197368421052632,0.239927620196596,0.006578947368421,0.256625578000181,0.0263157894736842,0.254456151523944,0.006578947368421,0.262965703035063,0.0328947368421053,0.249491189719649,0.01842105263157894,0.0117687788289463,0.2526932484950866,0.008621322563247666,1,1,PF06427
PF06427_2,PF06427_sr2,0.006578947368421,0.159576379319663,0.006578947368421,0.188667654503445,0.0328947368421053,0.235423694766971,0.0,0.186240477051394,0.0131578947368421,0.174412528720986,0.01184210526315788,0.012654857935310123,0.1888641468724918,0.02846636764738785,2,2,PF06427
PF06427_3,PF06427_sr3,0.0131578947368421,0.155203251921376,0.006578947368421,0.158087592827717,0.0,0.185325294998757,0.0,0.171201361675348,0.0131578947368421,0.168093634228941,0.00657894736842104,0.00657894736842105,0.16758222713042778,0.01195369437897038,3,3,PF06427
PF06427_4,PF06427_sr4,0.0,0.142767637442823,0.0,0.133585222296196,0.006578947368421,0.177052239477834,0.006578947368421,0.165838456653028,0.0131578947368421,0.157367807372249,0.0052631578947368194,0.005504342279829436,0.155322272648426,0.01744336564351425,4,4,PF06427
PF06427_5,PF06427_sr5,0.0,0.135290850518156,0.0,0.13998503433502,0.0,0.162141933026903,0.0,0.160678129468768,0.0131578947368421,0.148353092140013,0.0026315789473684197,0.005884389414473128,0.149289807897772,0.012023914126860697,5,5,PF06427
PF06427_6,PF06427_sr6,0.0,0.128668551928305,0.0,0.134139733309231,0.0,0.144729977464609,0.0,0.149057943591347,0.0131578947368421,0.138584545947909,0.0026315789473684197,0.005884389414473128,0.1390361504482802,0.008132065395550173,6,6,PF06427
PF06427_7,PF06427_sr7,0.0,0.125358654536289,0.0,0.13659844666134,0.0,0.147156793199377,0.006578947368421,0.164023152491491,0.0131578947368421,0.138708351231311,0.00394736842105262,0.005884389414473123,0.1423690796239616,0.01438642391153778,7,7,PF06427
PF06427_8,PF06427_sr8,0.0,0.125465399419542,0.0,0.129979595475413,0.0,0.163889454614884,0.0,0.143688415223295,0.006578947368421,0.133759245246627,0.0013157894736842,0.0029421947072365423,0.1393564219959522,0.015271293545252869,8,8,PF06427
PF06427_9,PF06427_sr9,0.0,0.119960872356772,0.0,0.131862852560838,0.0,0.145777557579357,0.0,0.150733807352345,0.0131578947368421,0.137958536885965,0.0026315789473684197,0.005884389414473128,0.1372587253470554,0.012072377924831854,9,9,PF06427
PF06427_10,PF06427_sr10,0.006578947368421,0.115103365583461,0.0,0.122570223030218,0.0,0.141263740035038,0.0,0.143530070092895,0.0197368421052632,0.129068180955416,0.005263157894736839,0.008577897901582447,0.13030711593940558,0.012118607848954344,10,10,PF06427
PF06427_11,PF06427_sr11,0.0,0.113723475589259,0.0,0.129069937951801,0.0,0.124927247447879,0.0,0.124630201688014,0.006578947368421,0.124396508432617,0.0013157894736842,0.0029421947072365423,0.12334947422191397,0.005714224942942964,11,11,PF06427
PF07498_0,PF07498_sr0,0.0495049504950495,0.333098561615275,0.0594059405940594,0.291412284428133,0.0396039603960396,0.280443436993768,0.0396039603960396,0.278002623692845,0.0594059405940594,0.296082896415459,0.04950495049504949,0.009900990099009903,0.295807960629096,0.02215335804576096,0,0,PF07498
PF07498_1,PF07498_sr1,0.0,0.279821256119924,0.0099009900990099,0.207169336999711,0.0099009900990099,0.232550855138178,0.0099009900990099,0.213204462279629,0.0297029702970297,0.234050978947063,0.011881188118811881,0.01084599123772606,0.23335937789690098,0.028513054092866023,1,1,PF07498
PF07498_2,PF07498_sr2,0.0,0.184928853774678,0.0099009900990099,0.168506482154174,0.0297029702970297,0.182185499607121,0.0,0.154314718587211,0.0099009900990099,0.191732708670754,0.0099009900990099,0.012126186845461278,0.1763336525587876,0.01492774745855626,2,2,PF07498
PF07498_3,PF07498_sr3,0.0,0.165530784103069,0.0099009900990099,0.168638183022378,0.0297029702970297,0.167025235399819,0.0,0.150120518048969,0.0396039603960396,0.179800466633451,0.01584158415841584,0.01798604170750985,0.1662230374415372,0.010613592448777827,3,3,PF07498
PF07498_4,PF07498_sr4,0.0,0.162291048888905,0.0099009900990099,0.146710837632578,0.0297029702970297,0.148856540668186,0.0099009900990099,0.143812175705787,0.0297029702970297,0.168620576751729,0.01584158415841584,0.013283572143563106,0.154058235929437,0.01079194867575415,4,4,PF07498
PF07498_5,PF07498_sr5,0.0,0.157464221626684,0.0099009900990099,0.133584666181659,0.0297029702970297,0.135562910183074,0.0,0.1306712001795,0.0198019801980198,0.167819952424378,0.01188118811881188,0.012909311693470591,0.14502059011905902,0.016589062242467218,5,5,PF07498
PF07498_6,PF07498_sr6,0.0,0.15212040811629,0.0099009900990099,0.127833592699722,0.0198019801980198,0.140240324813806,0.0,0.12634542984514,0.0198019801980198,0.159396732014258,0.0099009900990099,0.0099009900990099,0.14118729749784317,0.014582657831503386,6,6,PF07498
PF07498_7,PF07498_sr7,0.0,0.159211843607048,0.0099009900990099,0.130512298995431,0.0198019801980198,0.136402031660424,0.0,0.138594292674858,0.0396039603960396,0.162008526039785,0.01386138613861386,0.016567525277902485,0.1453457985955092,0.014278657147255422,7,7,PF07498
PF07498_8,PF07498_sr8,0.0,0.140295963736779,0.0,0.131512052996755,0.0198019801980198,0.144666098734686,0.0,0.137774648006416,0.0198019801980198,0.15326969024537,0.00792079207920792,0.01084599123772606,0.1415036907440012,0.008118447476283005,8,8,PF07498
PF07498_9,PF07498_sr9,0.0,0.140259336103279,0.0,0.130340883618155,0.0198019801980198,0.144671004437984,0.0,0.14235347992838,0.0198019801980198,0.140779934787161,0.00792079207920792,0.01084599123772606,0.1396809277749918,0.0054959575501865405,9,9,PF07498
PF07498_10,PF07498_sr10,0.0099009900990099,0.138019275621616,0.0,0.128864817817944,0.0297029702970297,0.149666366168987,0.0,0.142949399398342,0.0099009900990099,0.15020802190973,0.0099009900990099,0.012126186845461278,0.1419415761833238,0.008879868579346415,10,10,PF07498
PF07498_11,PF07498_sr11,0.0099009900990099,0.157127666482353,0.0,0.123893526645354,0.0297029702970297,0.145685848404623,0.0,0.141032798080907,0.0099009900990099,0.148983153614268,0.0099009900990099,0.012126186845461278,0.143344598645501,0.012358563178733802,11,11,PF07498
PF07677_0,PF07677_sr0,0.0366492146596859,0.374308199588478,0.0418848167539267,0.368849697907399,0.0471204188481675,0.388020712142415,0.0157068062827225,0.35152830712118,0.0104712041884817,0.356579117318104,0.030366492146596858,0.016306190054866415,0.36785720681551526,0.014517192921941568,0,0,PF07677
PF07677_1,PF07677_sr1,0.0209424083769634,0.25743623255048,0.0104712041884817,0.254285666733187,0.0261780104712042,0.287807456276312,0.0052356020942408,0.268383676289565,0.0157068062827225,0.274014294927503,0.015706806282722523,0.008278213770074311,0.2683854653554094,0.013486914742518234,1,1,PF07677
PF07677_2,PF07677_sr2,0.0052356020942408,0.212891531290434,0.0052356020942408,0.211560099726169,0.0209424083769634,0.239149752461642,0.0052356020942408,0.247635669135381,0.0104712041884817,0.239217791240925,0.0094240837696335,0.0068263899530918186,0.2300909687709102,0.016676260960058267,2,2,PF07677
PF07677_3,PF07677_sr3,0.0,0.168101759708315,0.0052356020942408,0.179336526026249,0.0157068062827225,0.171272327721838,0.0052356020942408,0.179224029463452,0.0052356020942408,0.183719497339056,0.00628272251308898,0.00573531473827399,0.17633082805178202,0.006428515768597063,3,3,PF07677
PF07677_4,PF07677_sr4,0.0,0.148177595086302,0.0,0.151281322596067,0.0157068062827225,0.169088201657848,0.0104712041884817,0.166987636853401,0.0104712041884817,0.173640606476328,0.007329842931937181,0.007024297311517665,0.1618350725339892,0.011362611504436773,4,4,PF07677
PF07677_5,PF07677_sr5,0.0104712041884817,0.142935915068128,0.0052356020942408,0.151770105159624,0.0104712041884817,0.166120017778559,0.0052356020942408,0.163574363605161,0.0,0.152779662346918,0.006282722513089001,0.004380418987089418,0.155436012791678,0.00944891840468323,5,5,PF07677
PF07677_6,PF07677_sr6,0.0,0.140238114604739,0.0,0.148965099247232,0.0104712041884817,0.145155504898016,0.0,0.155942031917186,0.0,0.147859267409859,0.00209424083769634,0.004682864874345121,0.1476320036154064,0.005737769683673783,6,6,PF07677
PF07677_7,PF07677_sr7,0.0,0.146944054741665,0.0,0.140922653403773,0.0104712041884817,0.160103658883245,0.0,0.155688469284566,0.0052356020942408,0.150817260888938,0.0031413612565445006,0.004682864874345115,0.1508952194404374,0.007463920792859187,7,7,PF07677
PF07677_8,PF07677_sr8,0.0052356020942408,0.14823437441955,0.0052356020942408,0.135924051906562,0.0104712041884817,0.158901626038917,0.0,0.143296341669793,0.0052356020942408,0.16109168342723,0.00523560209424082,0.003702129744432195,0.1494896154924104,0.01057296917954377,8,8,PF07677
PF07677_9,PF07677_sr9,0.0052356020942408,0.14185532800711,0.0052356020942408,0.14239340229377,0.0052356020942408,0.169057604332339,0.0,0.142204878320403,0.0052356020942408,0.155992812303005,0.00418848167539264,0.0023414324371725374,0.1503008050513254,0.012079047937735331,9,9,PF07677
PF07677_10,PF07677_sr10,0.0052356020942408,0.132997977476131,0.0,0.137435085286185,0.0157068062827225,0.16530400753273,0.0052356020942408,0.13612272802752,0.0,0.146226411118779,0.00523560209424082,0.006412276813568523,0.14361724188826902,0.013079364884310742,10,10,PF07677
PF07677_11,PF07677_sr11,0.0052356020942408,0.134746040572209,0.0,0.148285970889033,0.0209424083769634,0.175334016291097,0.0104712041884817,0.128623235014077,0.0052356020942408,0.141961085192337,0.008376963350785341,0.007940183711048772,0.14579006959175062,0.01809976669595658,11,11,PF07677
PF10114_0,PF10114_sr0,0.0625,0.400746632135488,0.0729166666666667,0.374538897748798,0.0572916666666667,0.419288288167219,0.046875,0.422359467317546,0.03125,0.399668681585506,0.054166666666666675,0.015883281960392622,0.4033203933909114,0.019142842899356256,0,0,PF10114
PF10114_1,PF10114_sr1,0.0208333333333333,0.264155450244608,0.0260416666666667,0.282215242529137,0.015625,0.289551762686976,0.0104166666666667,0.290824490833879,0.0260416666666667,0.284820170591137,0.01979166666666668,0.006790835838752761,0.28231342337714743,0.01073355992405396,1,1,PF10114
PF10114_2,PF10114_sr2,0.0104166666666667,0.242730437500834,0.015625,0.253096069126298,0.03125,0.273666516787405,0.0052083333333333,0.268747980229025,0.015625,0.250186805943762,0.015625,0.009743899444723808,0.25768556191746483,0.013026113666451228,2,2,PF10114
PF10114_3,PF10114_sr3,0.0052083333333333,0.202903617406987,0.0052083333333333,0.189820935937043,0.015625,0.237107167278405,0.0052083333333333,0.224442606997614,0.0052083333333333,0.191898853757458,0.007291666666666641,0.004658474953124577,0.2092346362755014,0.0207705517154113,3,3,PF10114
PF10114_4,PF10114_sr4,0.015625,0.196133012040027,0.0052083333333333,0.17696216986677,0.015625,0.20236889566005,0.0052083333333333,0.195652733110269,0.0104166666666667,0.19315978240653,0.010416666666666661,0.00520833333333335,0.1928553186167292,0.009510018737792092,4,4,PF10114
PF10114_5,PF10114_sr5,0.0104166666666667,0.203156453766418,0.0052083333333333,0.177482123915335,0.015625,0.181344344542387,0.0,0.199108218348126,0.0260416666666667,0.201456000076765,0.01145833333333334,0.010018429198787175,0.1925094281298062,0.012118408520949586,5,5,PF10114
PF10114_6,PF10114_sr6,0.0104166666666667,0.181827432468932,0.0104166666666667,0.171452879575869,0.0052083333333333,0.183097272263235,0.0052083333333333,0.184762810293775,0.015625,0.172229361875701,0.009375,0.004357604304864997,0.1786739512955024,0.006329712184718755,6,6,PF10114
PF10114_7,PF10114_sr7,0.0104166666666667,0.180685470188586,0.0104166666666667,0.176105588146974,0.0052083333333333,0.180666677295503,0.0,0.178165399667526,0.015625,0.174884443496193,0.00833333333333334,0.005938413672391354,0.1781015157589564,0.0026265108191700867,7,7,PF10114
PF10114_8,PF10114_sr8,0.0104166666666667,0.188396609586273,0.0104166666666667,0.170257390423562,0.0052083333333333,0.177428772961916,0.0052083333333333,0.184572648011578,0.0052083333333333,0.185633411322957,0.00729166666666666,0.002852721653672777,0.18125776646125719,0.007361508897648942,8,8,PF10114
PF10114_9,PF10114_sr9,0.0104166666666667,0.204014997082062,0.0052083333333333,0.165234678805105,0.0052083333333333,0.195945775273685,0.0104166666666667,0.201416472900226,0.0104166666666667,0.213236555150488,0.00833333333333334,0.002852721653672777,0.19596969584231322,0.018283739546358486,9,9,PF10114
PF10114_10,PF10114_sr10,0.015625,0.199755326202012,0.0052083333333333,0.151505271208062,0.0208333333333333,0.162224689877834,0.0208333333333333,0.19300561161975,0.015625,0.193218585138721,0.015624999999999981,0.00637887953849786,0.1799418968092758,0.021575704965207446,10,10,PF10114
PF10114_11,PF10114_sr11,0.015625,0.188316360413624,0.0052083333333333,0.161690586802284,0.03125,0.170071026143592,0.0260416666666667,0.190723457956874,0.015625,0.198731411446293,0.01875,0.010152910775842688,0.1819065685525334,0.015416422178239325,11,11,PF10114
PF10576_0,PF10576_sr0,0.012853470437018,0.304080625891389,0.012853470437018,0.290319406670953,0.0154241645244216,0.266876644693615,0.012853470437018,0.249957522795033,0.0051413881748072,0.295428415441343,0.01182519280205656,0.0038986506139082537,0.28133252309846657,0.022306375223582753,0,0,PF10576
PF10576_1,PF10576_sr1,0.0,0.197778039865751,0.0077120822622108,0.205072213322863,0.0102827763496144,0.212686654999052,0.0102827763496144,0.206075870620926,0.0077120822622108,0.223935111428608,0.00719794344473008,0.004224081420348327,0.20910957804744,0.009829793637023892,1,1,PF10576
PF10576_2,PF10576_sr2,0.0051413881748072,0.215506475589566,0.0102827763496144,0.19682211146959,0.012853470437018,0.193426420334527,0.0051413881748072,0.18920487365765,0.0025706940874036,0.215738936459438,0.007197943444730079,0.004224081420348327,0.20213976350215423,0.012600770261531708,2,2,PF10576
PF10576_3,PF10576_sr3,0.0025706940874036,0.160969184885111,0.0102827763496144,0.163610957226472,0.0102827763496144,0.152266493300834,0.0051413881748072,0.164932685670213,0.0025706940874036,0.156374933102252,0.0061696658097686406,0.0038986506139082537,0.15963085083697642,0.005257770433141105,3,3,PF10576
PF10576_4,PF10576_sr4,0.0025706940874036,0.136732194187998,0.0077120822622108,0.148084312389755,0.0102827763496144,0.144556685155428,0.0077120822622108,0.142544051624597,0.0,0.145158557413413,0.00565552699228792,0.004224081420348327,0.1434151601542382,0.004229786049743222,4,4,PF10576
PF10576_5,PF10576_sr5,0.0051413881748072,0.129807766414436,0.0025706940874036,0.129246778807745,0.0077120822622108,0.130235198519439,0.0051413881748072,0.123821718914568,0.0025706940874036,0.134939761987839,0.00462724935732648,0.0021507969833780873,0.12961024492880538,0.003951976557651989,5,5,PF10576
PF10576_6,PF10576_sr6,0.0051413881748072,0.128073132714174,0.0025706940874036,0.126813086232327,0.0025706940874036,0.123937448224091,0.0,0.116683814028458,0.0,0.124074514734419,0.00205655526992288,0.0021507969833780873,0.1239163991866938,0.004416020864940458,6,6,PF10576
PF10576_7,PF10576_sr7,0.0051413881748072,0.123495380379842,0.0051413881748072,0.126203043334579,0.0025706940874036,0.12355982683515,0.0025706940874036,0.11984830903144,0.0,0.128597138271406,0.0030848329048843203,0.0021507969833780873,0.12434073957048342,0.0032822055930623,7,7,PF10576
PF10576_8,PF10576_sr8,0.0051413881748072,0.121182042010262,0.0051413881748072,0.121394037580269,0.0051413881748072,0.124878502742305,0.0077120822622108,0.126650735460207,0.0025706940874036,0.124434115977191,0.0051413881748072,0.001817755221559249,0.1237078867540468,0.002360714873325484,8,8,PF10576
PF10576_9,PF10576_sr9,0.0,0.120685944704379,0.0025706940874036,0.125449530538946,0.0051413881748072,0.125204000048699,0.0051413881748072,0.124817203610867,0.0025706940874036,0.122859150218694,0.0030848329048843203,0.0021507969833780873,0.12380316582431701,0.002019242364389045,9,9,PF10576
PF10576_10,PF10576_sr10,0.0,0.117361059293775,0.0051413881748072,0.12490010002732,0.012853470437018,0.126674979229725,0.0051413881748072,0.123687526790914,0.0,0.128139289514994,0.00462724935732648,0.005268355149593625,0.1241525909713456,0.004158009283661711,10,10,PF10576
PF10576_11,PF10576_sr11,0.0,0.115205363550524,0.0077120822622108,0.123845599901291,0.0051413881748072,0.119741239183668,0.012853470437018,0.122489719170608,0.0051413881748072,0.126615364779054,0.0061696658097686406,0.004669897718402303,0.12157945731702899,0.004339713702261383,11,11,PF10576
PF12172_0,PF12172_sr0,0.0222222222222222,0.273849880298873,0.0444444444444444,0.293959139790895,0.0333333333333333,0.332309541963296,0.0444444444444444,0.288068153016198,0.0666666666666667,0.296474688782873,0.042222222222222196,0.016480441082434825,0.296932280770427,0.02163313164796193,0,0,PF12172
PF12172_1,PF12172_sr1,0.0111111111111111,0.21136403646319,0.0,0.22579899010486,0.0222222222222222,0.258803727620117,0.0222222222222222,0.194174537010617,0.0222222222222222,0.219698687435828,0.01555555555555554,0.009938079899999055,0.22196799572692236,0.02377823438374369,1,1,PF12172
PF12172_2,PF12172_sr2,0.0,0.180597470653065,0.0111111111111111,0.216289087693546,0.0111111111111111,0.20366960149642,0.0,0.178411983975903,0.0111111111111111,0.180163235016544,0.006666666666666659,0.006085806194501839,0.1918262757670956,0.01718101670286806,2,2,PF12172
PF12172_3,PF12172_sr3,0.0,0.167902985620304,0.0111111111111111,0.193237989950907,0.0111111111111111,0.164103226857175,0.0111111111111111,0.173735517338986,0.0222222222222222,0.16385144345216,0.0111111111111111,0.007856742013183853,0.1725662326439064,0.012227066975195294,3,3,PF12172
PF12172_4,PF12172_sr4,0.0,0.160171849869822,0.0111111111111111,0.191199533223537,0.0111111111111111,0.162847847392055,0.0111111111111111,0.164281929127915,0.0222222222222222,0.161847847260812,0.0111111111111111,0.007856742013183853,0.16806980137482821,0.013016255470782133,4,4,PF12172
PF12172_5,PF12172_sr5,0.0,0.169216664629191,0.0,0.180911889592598,0.0111111111111111,0.164092438807049,0.0111111111111111,0.168890275090254,0.0222222222222222,0.16816317170228,0.00888888888888888,0.009296222517045274,0.1702548879642744,0.0063020396744154486,5,5,PF12172
PF12172_6,PF12172_sr6,0.0,0.165849303400952,0.0,0.196235348673466,0.0111111111111111,0.168187660659933,0.0222222222222222,0.165874155410581,0.0333333333333333,0.159630566098173,0.013333333333333319,0.014487116456005871,0.17115540684862102,0.01437601565325415,6,6,PF12172
PF12172_7,PF12172_sr7,0.0111111111111111,0.162689416341692,0.0,0.177308808064686,0.0111111111111111,0.161048721874606,0.0111111111111111,0.172090859505202,0.0333333333333333,0.153560868888972,0.013333333333333319,0.012171612389003678,0.1653397349350316,0.00939434752400258,7,7,PF12172
PF12172_8,PF12172_sr8,0.0222222222222222,0.161885534971786,0.0111111111111111,0.185478716345147,0.0111111111111111,0.177981549931331,0.0111111111111111,0.172630257492363,0.0222222222222222,0.170355315411093,0.01555555555555554,0.006085806194501839,0.173666274830344,0.00878887065488765,8,8,PF12172
PF12172_9,PF12172_sr9,0.0,0.158942809774917,0.0111111111111111,0.201751178986719,0.0,0.171586164350003,0.0111111111111111,0.150036498059303,0.0111111111111111,0.156741881703603,0.006666666666666659,0.006085806194501839,0.16781170657490901,0.020513962988605736,9,9,PF12172
PF12172_10,PF12172_sr10,0.0222222222222222,0.175412595899738,0.0111111111111111,0.186225354650284,0.0,0.191607316093882,0.0111111111111111,0.185387740328026,0.0111111111111111,0.157354935753616,0.0111111111111111,0.007856742013183853,0.1791975885451092,0.013538246412059817,10,10,PF12172
PF12172_11,PF12172_sr11,0.0222222222222222,0.184633210445725,0.0,0.187679387035045,0.0,0.183790152608253,0.0333333333333333,0.217227012128194,0.0,0.161414448612726,0.0111111111111111,0.015713484026367706,0.18694884216598862,0.019903806144710365,11,11,PF12172
PF12872_0,PF12872_sr0,0.0393700787401575,0.289143269697062,0.031496062992126,0.293623515527338,0.015748031496063,0.275675965641773,0.0078740157480315,0.280558349857688,0.0078740157480315,0.29063854952472,0.020472440944881896,0.014303859940618079,0.28592793004971623,0.007511417083177756,0,0,PF12872
PF12872_1,PF12872_sr1,0.031496062992126,0.220577892832469,0.0393700787401575,0.219794820735107,0.015748031496063,0.194079944972659,0.015748031496063,0.230518501416264,0.0,0.26311765453458,0.020472440944881896,0.01534928243277003,0.2256177628982158,0.024920874864164742,1,1,PF12872
PF12872_2,PF12872_sr2,0.0236220472440945,0.191819673675154,0.031496062992126,0.208682972125222,0.015748031496063,0.176652460506061,0.015748031496063,0.199584245595364,0.0,0.208616185621138,0.017322834645669298,0.011679052735583726,0.1970711075045878,0.013406517018449103,2,2,PF12872
PF12872_3,PF12872_sr3,0.0236220472440945,0.16009100038917,0.015748031496063,0.14862950601791,0.015748031496063,0.149927574328884,0.015748031496063,0.181408565805523,0.0,0.163398058712714,0.014173228346456698,0.008625552086695534,0.16069094105084022,0.013212084133034329,3,3,PF12872
PF12872_4,PF12872_sr4,0.0078740157480315,0.148082461696632,0.015748031496063,0.15586828553296,0.015748031496063,0.142016383423706,0.015748031496063,0.153877166812728,0.0,0.148672077580697,0.011023622047244098,0.007042733787400915,0.1497032750093446,0.005436162104911815,4,4,PF12872
PF12872_5,PF12872_sr5,0.0,0.141894665817559,0.015748031496063,0.153657841648031,0.0236220472440945,0.149826144214928,0.015748031496063,0.172266650587588,0.0,0.14352130324967,0.011023622047244098,0.010564100681101373,0.15223332110355522,0.01216496093067775,5,5,PF12872
PF12872_6,PF12872_sr6,0.0,0.132508311125848,0.015748031496063,0.143451601236609,0.015748031496063,0.140389577655674,0.0236220472440945,0.155141457097944,0.0,0.131841942242483,0.0110236220472441,0.010564100681101373,0.1406665778717116,0.009510345986898143,6,6,PF12872
PF12872_7,PF12872_sr7,0.0,0.1561065337672,0.015748031496063,0.14711531603543,0.015748031496063,0.13754100383732,0.0236220472440945,0.161019072753987,0.0,0.12873715796832,0.0110236220472441,0.010564100681101373,0.1461038168724514,0.013214243663675386,7,7,PF12872
PF12872_8,PF12872_sr8,0.0078740157480315,0.162271146990095,0.0078740157480315,0.145636145561746,0.0,0.157591199254531,0.015748031496063,0.157159281032668,0.0,0.152262272490567,0.006299212598425199,0.006587874224677762,0.1549840090659214,0.00631312185081876,8,8,PF12872
PF12872_9,PF12872_sr9,0.0,0.136655301944368,0.015748031496063,0.153820070843761,0.0,0.137460075649757,0.015748031496063,0.159180048570617,0.0,0.146939255137058,0.006299212598425199,0.008625552086695533,0.14681095042911219,0.009908517487547933,9,9,PF12872
PF12872_10,PF12872_sr10,0.0,0.137945677506181,0.0078740157480315,0.138511252371486,0.0,0.128109179004012,0.0236220472440945,0.156757106079315,0.0078740157480315,0.138688934326591,0.0078740157480315,0.009643660404658186,0.140002429857517,0.010372411751866286,10,10,PF12872
PF12872_11,PF12872_sr11,0.0078740157480315,0.148752116408586,0.015748031496063,0.150891709574147,0.0078740157480315,0.143396220118359,0.0236220472440945,0.150060040812073,0.0078740157480315,0.125320329868408,0.012598425196850399,0.007042733787400915,0.1436840833563146,0.010672370584843247,11,11,PF12872
PF13377_0,PF13377_sr0,0.111111111111111,0.395836438707234,0.111111111111111,0.391147973519416,0.142857142857143,0.414789019397098,0.0952380952380952,0.3520246389286,0.0952380952380952,0.395187986387146,0.11111111111111109,0.019440394783993543,0.3897972113878988,0.02301475058416182,0,0,PF13377
PF13377_1,PF13377_sr1,0.0317460317460317,0.313029006877312,0.0158730158730159,0.296218861202276,0.0317460317460317,0.295108220320675,0.0317460317460317,0.263350632951023,0.0158730158730159,0.321541272197816,0.025396825396825383,0.008694008849288313,0.2978495987098204,0.02231626606141114,1,1,PF13377
PF13377_2,PF13377_sr2,0.0158730158730159,0.225856338049464,0.0,0.202397466728249,0.0,0.228462297311181,0.0476190476190476,0.201092339523173,0.0158730158730159,0.275852432808681,0.01587301587301588,0.01944039478399347,0.22673217488414962,0.03027432629604183,2,2,PF13377
PF13377_3,PF13377_sr3,0.0158730158730159,0.190087691142274,0.0,0.205523406743022,0.0,0.186406178105548,0.0317460317460317,0.173402193240981,0.0317460317460317,0.194564671472493,0.01587301587301586,0.01587301587301585,0.1899968281408636,0.011728413863486116,3,3,PF13377
PF13377_4,PF13377_sr4,0.0317460317460317,0.185784478654065,0.0,0.19710083638729,0.0,0.205669888008667,0.0317460317460317,0.19386080744964,0.0158730158730159,0.202666474898308,0.01587301587301586,0.01587301587301585,0.197016497079594,0.007793060246048532,4,4,PF13377
PF13377_5,PF13377_sr5,0.0476190476190476,0.202836872093352,0.0,0.174646391179305,0.0158730158730159,0.1563351011176,0.0476190476190476,0.180737646262847,0.0,0.166048354203849,0.02222222222222222,0.0240726204573065,0.1761208729713906,0.0175368590648188,5,5,PF13377
PF13377_6,PF13377_sr6,0.0158730158730159,0.183953019960465,0.0,0.160895008987357,0.0158730158730159,0.168577452406695,0.0158730158730159,0.156702298755639,0.0,0.17118724574866,0.00952380952380954,0.008694008849288365,0.1682630051717632,0.01052097814723097,6,6,PF13377
PF13377_7,PF13377_sr7,0.0158730158730159,0.190687186399961,0.0,0.149819650577429,0.0158730158730159,0.165982465369278,0.0158730158730159,0.151391396483472,0.0,0.191980307611556,0.00952380952380954,0.008694008849288365,0.1699722012883392,0.020498517947433164,7,7,PF13377
PF13377_8,PF13377_sr8,0.0317460317460317,0.175609334834941,0.0,0.154865745106548,0.0158730158730159,0.180080313161217,0.0317460317460317,0.157782703244571,0.0158730158730159,0.203289108803704,0.019047619047619042,0.01328031788149324,0.1743254410301962,0.0195320437123538,8,8,PF13377
PF13377_9,PF13377_sr9,0.0317460317460317,0.171420313428975,0.0,0.160729058152638,0.0158730158730159,0.204600493609141,0.0317460317460317,0.187716840698629,0.0158730158730159,0.212268693361856,0.019047619047619042,0.01328031788149324,0.18734707985024782,0.0216857372319616,9,9,PF13377
PF13377_10,PF13377_sr10,0.0317460317460317,0.187417631573108,0.0,0.155307242549749,0.0158730158730159,0.197621953520636,0.0317460317460317,0.193169154570674,0.0158730158730159,0.206437663253257,0.019047619047619042,0.01328031788149324,0.1879907290934848,0.01954740831738537,10,10,PF13377
PF13377_11,PF13377_sr11,0.0158730158730159,0.249335736759303,0.0,0.171340915322694,0.0634920634920635,0.265664797490901,0.0476190476190476,0.243821438322952,0.0317460317460317,0.270402367889314,0.031746031746031744,0.025097441747368086,0.2401130511570328,0.039996097250626285,11,11,PF13377
PF13466_0,PF13466_sr0,0.117647058823529,0.399834132513318,0.137254901960784,0.420268275607667,0.0784313725490196,0.384476685159661,0.117647058823529,0.416841232338025,0.117647058823529,0.389807297481747,0.11372549019607811,0.021479315980594604,0.40224552462008356,0.01592254846872596,0,0,PF13466
PF13466_1,PF13466_sr1,0.0196078431372549,0.27891228267605,0.0392156862745098,0.309567768693788,0.0392156862745098,0.307559204002579,0.0588235294117647,0.308842906671212,0.0392156862745098,0.260039435210485,0.0392156862745098,0.013864838846795048,0.2929843194508228,0.02248510870397079,1,1,PF13466
PF13466_2,PF13466_sr2,0.0,0.207713472293259,0.0196078431372549,0.175296242116835,0.0196078431372549,0.25443518467379,0.0196078431372549,0.19074671428535,0.0,0.153625524490836,0.011764705882352941,0.010739657990297375,0.196363427572014,0.038088891487498,2,2,PF13466
PF13466_3,PF13466_sr3,0.0196078431372549,0.164415626188054,0.0,0.145083926621078,0.0196078431372549,0.198688173170636,0.0196078431372549,0.164195140927378,0.0,0.167141059667198,0.011764705882352941,0.010739657990297375,0.1679047853148688,0.019332146344620854,3,3,PF13466
PF13466_4,PF13466_sr4,0.0196078431372549,0.160399196179552,0.0,0.167381944840603,0.0392156862745098,0.214023469085268,0.0392156862745098,0.154185788136844,0.0,0.182428366771506,0.0196078431372549,0.0196078431372549,0.1756837530027546,0.02387532111614507,4,4,PF13466
PF13466_5,PF13466_sr5,0.0196078431372549,0.1768277419287,0.0,0.167084782054934,0.0196078431372549,0.165133982173869,0.0392156862745098,0.179612595314802,0.0,0.165580527612391,0.01568627450980392,0.016405098559491675,0.17084792581693917,0.006839837697493621,5,5,PF13466
PF13466_6,PF13466_sr6,0.0196078431372549,0.167132463584069,0.0,0.188768779421255,0.0196078431372549,0.190436680687027,0.0,0.14961468095866,0.0,0.148620535295805,0.00784313725490196,0.010739657990297375,0.16891462798936321,0.020278685515903686,6,6,PF13466
PF13466_7,PF13466_sr7,0.0196078431372549,0.204786124411481,0.0196078431372549,0.177685204356876,0.0196078431372549,0.187460197928305,0.0,0.140563547828782,0.0,0.148043539373714,0.011764705882352941,0.010739657990297375,0.1717077227798316,0.026962958959801876,7,7,PF13466
PF13466_8,PF13466_sr8,0.0,0.179003779706588,0.0392156862745098,0.175658937730823,0.0196078431372549,0.173411558785954,0.0,0.157300661367799,0.0,0.160552592443385,0.011764705882352941,0.01753778805882188,0.1691855060069098,0.00964287389096629,8,8,PF13466
PF13466_9,PF13466_sr9,0.0,0.177658688698988,0.0196078431372549,0.149257609613255,0.0196078431372549,0.195301511881483,0.0,0.172445050822825,0.0,0.161962609893531,0.00784313725490196,0.010739657990297375,0.1713250941820164,0.017254472719607068,9,9,PF13466
PF13466_10,PF13466_sr10,0.0,0.184121043058375,0.0196078431372549,0.169351977190705,0.0196078431372549,0.215273639401547,0.0196078431372549,0.166725260287047,0.0,0.173554007246926,0.011764705882352941,0.010739657990297375,0.18180518543691998,0.019849868305467488,10,10,PF13466
PF13466_11,PF13466_sr11,0.0,0.190128336838548,0.0,0.175803293357719,0.0196078431372549,0.227484397348948,0.0,0.156894689422025,0.0,0.175697462017971,0.00392156862745098,0.00876889402941094,0.18520163579704219,0.02641990575548749,11,11,PF13466
PF14317_0,PF14317_sr0,0.072463768115942,0.393160497636223,0.0579710144927536,0.370307139333773,0.0217391304347826,0.387079154633561,0.072463768115942,0.43077824107565,0.0579710144927536,0.395514861846756,0.05652173913043477,0.020750465309096158,0.3953679789051926,0.02211069595785215,0,0,PF14317
PF14317_1,PF14317_sr1,0.0579710144927536,0.309591130142423,0.036231884057971,0.27574525563744,0.0144927536231884,0.275076337050507,0.036231884057971,0.326338868314989,0.0217391304347826,0.290288422921734,0.03333333333333332,0.016682412222059902,0.2954080028134186,0.022271562018499825,1,1,PF14317
PF14317_2,PF14317_sr2,0.0217391304347826,0.206111591608936,0.0217391304347826,0.241210204526808,0.0072463768115942,0.226271500005,0.0434782608695652,0.235847824302833,0.0,0.204542740544449,0.01884057971014492,0.016682412222059906,0.2227967721976052,0.01683050138440561,2,2,PF14317
PF14317_3,PF14317_sr3,0.036231884057971,0.184559062700799,0.0072463768115942,0.181742461627911,0.0,0.155917242783344,0.0289855072463768,0.189766756831078,0.0072463768115942,0.181227105886537,0.01594202898550724,0.01570977057150637,0.1786425259659338,0.013148023325573672,3,3,PF14317
PF14317_4,PF14317_sr4,0.0434782608695652,0.174446352835334,0.0,0.162206009488575,0.0,0.127843195232424,0.0144927536231884,0.15081558547662,0.0,0.147080230127448,0.011594202898550721,0.018896238855659848,0.1524782746320802,0.017435709349719466,4,4,PF14317
PF14317_5,PF14317_sr5,0.0289855072463768,0.157051675831518,0.0,0.14395075830562,0.0,0.128982779609163,0.0144927536231884,0.153575858593967,0.0,0.12788330853183,0.00869565217391304,0.012962712913042254,0.1422888761744196,0.013533944943935953,5,5,PF14317
PF14317_6,PF14317_sr6,0.0,0.13547570734851,0.0072463768115942,0.14231945674266,0.0,0.128600622427554,0.0072463768115942,0.143200337908942,0.0072463768115942,0.131942175878332,0.00434782608695652,0.003969004039892507,0.1363076600611996,0.006379630353818027,6,6,PF14317
PF14317_7,PF14317_sr7,0.0,0.133825326053956,0.0,0.13509234330437,0.0,0.128702419607669,0.0144927536231884,0.151008206169942,0.0144927536231884,0.132699040742321,0.005797101449275361,0.007938008079785014,0.1362654671756516,0.008581927921289863,7,7,PF14317
PF14317_8,PF14317_sr8,0.0072463768115942,0.136712830136327,0.0072463768115942,0.148051889771683,0.0,0.133086594367783,0.0144927536231884,0.14815196020079,0.0072463768115942,0.130825938692874,0.0072463768115942,0.005123962182511212,0.13936584263389143,0.008246827726477073,8,8,PF14317
PF14317_9,PF14317_sr9,0.0144927536231884,0.142605466050733,0.0072463768115942,0.14320168832572,0.0072463768115942,0.145093657206595,0.0217391304347826,0.148315594979008,0.0,0.125536211269144,0.01014492753623188,0.008262140761587954,0.14095052356624,0.008899683059956734,9,9,PF14317
PF14317_10,PF14317_sr10,0.0144927536231884,0.146626441976763,0.0072463768115942,0.152449409282001,0.0072463768115942,0.141366126357372,0.0144927536231884,0.145668371418014,0.0,0.127256819271802,0.00869565217391304,0.006062753815464313,0.1426734336611904,0.009480858055400785,10,10,PF14317
PF14317_11,PF14317_sr11,0.0217391304347826,0.153445195540692,0.0072463768115942,0.135976671746881,0.0144927536231884,0.147354566001133,0.0217391304347826,0.150852616016948,0.0,0.131174673457307,0.013043478260869563,0.009448119427829922,0.1437607445525922,0.009695356613761424,11,11,PF14317
PF20171_0,PF20171_sr0,0.0236220472440945,0.34236515263315,0.047244094488189,0.318558949298634,0.0866141732283465,0.346397164747314,0.047244094488189,0.320796347014813,0.0236220472440945,0.346745058324063,0.0456692913385827,0.025756578320938795,0.3349725344035948,0.014090203752219347,0,0,PF20171
PF20171_1,PF20171_sr1,0.015748031496063,0.330404839113393,0.0078740157480315,0.303024421710518,0.047244094488189,0.33586477430258,0.015748031496063,0.311074580517092,0.0078740157480315,0.324282671193754,0.018897637795275597,0.01632790657742341,0.3209302573674674,0.013617998114267513,1,1,PF20171
PF20171_2,PF20171_sr2,0.031496062992126,0.364571801928406,0.0,0.316211526601808,0.0393700787401575,0.346853227309344,0.0,0.301572723315316,0.0078740157480315,0.323617631052438,0.015748031496063,0.01846620377883241,0.33056538204146246,0.025082908358064978,2,2,PF20171
PF20171_3,PF20171_sr3,0.0,0.325209294546304,0.0078740157480315,0.316314154570267,0.031496062992126,0.32108031758573,0.0078740157480315,0.346703073114355,0.0,0.319089872810157,0.009448818897637799,0.0129383281300433,0.3256793425253626,0.012191155399903585,3,3,PF20171
PF20171_4,PF20171_sr4,0.0078740157480315,0.305249294815075,0.015748031496063,0.299575106064313,0.0236220472440945,0.33139286084983,0.0078740157480315,0.332015012269765,0.0,0.2846009186398,0.0110236220472441,0.008977759252749122,0.31056663852775657,0.020718776579101237,4,4,PF20171
PF20171_5,PF20171_sr5,0.0078740157480315,0.305655947167016,0.0078740157480315,0.278085593187181,0.0078740157480315,0.278483204913556,0.0078740157480315,0.302443992330834,0.0078740157480315,0.281903160869726,0.0078740157480315,0.0,0.2893143796936626,0.013580866259833775,5,5,PF20171
PF20171_6,PF20171_sr6,0.0,0.227153007401486,0.0,0.262052592005003,0.0236220472440945,0.26986078083227,0.0078740157480315,0.285569693511931,0.0,0.285993170019251,0.006299212598425199,0.010266460480634097,0.2661258487539882,0.024094589924337686,6,6,PF20171
PF20171_7,PF20171_sr7,0.0,0.291731728642684,0.0078740157480315,0.318638786939028,0.015748031496063,0.268737348078621,0.0078740157480315,0.295742800584098,0.0,0.314457755188627,0.006299212598425199,0.006587874224677763,0.2978616838866116,0.019983809371032966,7,7,PF20171
PF20171_8,PF20171_sr8,0.0,0.277240634824614,0.0078740157480315,0.285856959209753,0.015748031496063,0.28556988403883,0.0078740157480315,0.267728374649598,0.0,0.263307287294313,0.006299212598425199,0.006587874224677763,0.27594062800342156,0.010244371829742237,8,8,PF20171
PF20171_9,PF20171_sr9,0.015748031496063,0.2991473381735,0.0078740157480315,0.280182865167205,0.015748031496063,0.287975617684218,0.0078740157480315,0.279940702636796,0.0078740157480315,0.313025575300492,0.011023622047244098,0.004312776043347766,0.2920544197924422,0.014092652639657647,9,9,PF20171
PF20171_10,PF20171_sr10,0.015748031496063,0.300167532203229,0.0078740157480315,0.312860996330593,0.0236220472440945,0.316115532634117,0.0078740157480315,0.301755419522394,0.0078740157480315,0.322682444792492,0.012598425196850399,0.007042733787400915,0.31071638509656496,0.009598358420982495,10,10,PF20171
PF20171_11,PF20171_sr11,0.015748031496063,0.336001948649136,0.0,0.330113312126092,0.0236220472440945,0.308716379273615,0.031496062992126,0.325163893227927,0.015748031496063,0.332221263206803,0.017322834645669298,0.011679052735583726,0.3264433592967146,0.010654837069763728,11,11,PF20171
