"FileName","NJRFScore","MLRFScore","NJCI","MLCI"
"PF00066_sc0",0.445544554455446,0.316831683168317,0.703233715364242,0.614380729154744
"PF00066_sc1",0.376237623762376,0.316831683168317,0.68757815851658,0.58933013252186
"PF00066_sc10",0.356435643564356,0.297029702970297,0.648236583805349,0.577187550173552
"PF00066_sc11",0.346534653465347,0.297029702970297,0.663077364092817,0.593200653224321
"PF00066_sc2",0.415841584158416,0.287128712871287,0.714406094944221,0.595693759405931
"PF00066_sc3",0.356435643564356,0.277227722772277,0.66324777190235,0.553669608846089
"PF00066_sc4",0.405940594059406,0.267326732673267,0.680651697639053,0.555892258456941
"PF00066_sc5",0.346534653465347,0.267326732673267,0.641507066974536,0.544102997206635
"PF00066_sc6",0.336633663366337,0.287128712871287,0.629493982518767,0.550297469735609
"PF00066_sc7",0.326732673267327,0.267326732673267,0.628071866109785,0.561277991680244
"PF00066_sc8",0.336633663366337,0.267326732673267,0.626042993342125,0.563390606595013
"PF00066_sc9",0.336633663366337,0.277227722772277,0.652106780301772,0.600431922151707
"PF00066_scovar0",0.0099009900990099,0.0099009900990099,0.233357816063192,0.23715214610257
"PF00066_scovar1",0.0198019801980198,0.0198019801980198,0.199864405188218,0.19763914911129
"PF00066_scovar10",0,0,0.14040236007003,0.129240384670235
"PF00066_scovar11",0,0,0.115030676094835,0.106603306414512
"PF00066_scovar2",0.0099009900990099,0.0198019801980198,0.187201679983896,0.176189946272249
"PF00066_scovar3",0.0198019801980198,0.0297029702970297,0.162536495855142,0.154716701262874
"PF00066_scovar4",0.0198019801980198,0.0198019801980198,0.150146425085202,0.145107974729057
"PF00066_scovar5",0.0099009900990099,0.0099009900990099,0.140939224412845,0.133794110116117
"PF00066_scovar6",0,0,0.130329646536256,0.117667238939066
"PF00066_scovar7",0,0,0.11684008696705,0.109847216711967
"PF00066_scovar8",0,0,0.125866949785547,0.120895231504161
"PF00066_scovar9",0,0,0.124676123276062,0.119860469576925
"PF00066_sr0",0.0396039603960396,0.0297029702970297,0.256812647087,0.252993181190369
"PF00066_sr1",0.0297029702970297,0.0297029702970297,0.247066577136062,0.227540822099693
"PF00066_sr10",0.0198019801980198,0.0198019801980198,0.162484032570679,0.150624189144866
"PF00066_sr11",0.0198019801980198,0.0198019801980198,0.1606253637789,0.156530757987209
"PF00066_sr2",0.0198019801980198,0.0198019801980198,0.174775394100295,0.166784252323846
"PF00066_sr3",0.0198019801980198,0.0198019801980198,0.168067084096775,0.164471043515484
"PF00066_sr4",0.0198019801980198,0.0198019801980198,0.174364123726542,0.163042694980962
"PF00066_sr5",0.0198019801980198,0.0198019801980198,0.159450902453958,0.149082114320379
"PF00066_sr6",0.0198019801980198,0.0198019801980198,0.150944427041044,0.13953264588638
"PF00066_sr7",0.0198019801980198,0.0099009900990099,0.14456481121183,0.135995851322129
"PF00066_sr8",0.0198019801980198,0.0198019801980198,0.14441338153428,0.134641968940224
"PF00066_sr9",0.0198019801980198,0.0198019801980198,0.157736079674946,0.147618898433782
"PF00168_sc0",0.580392156862745,0.443137254901961,0.629617270713038,0.47085582599233
"PF00168_sc1",0.525490196078431,0.450980392156863,0.645110549700855,0.495835568346513
"PF00168_sc10",0.470588235294118,0.427450980392157,0.551367191939584,0.505866421326805
"PF00168_sc11",0.47843137254902,0.435294117647059,0.561412656915795,0.515454514839451
"PF00168_sc2",0.525490196078431,0.458823529411765,0.67007175863772,0.529957072951612
"PF00168_sc3",0.494117647058824,0.435294117647059,0.65460533032258,0.514397506372408
"PF00168_sc4",0.462745098039216,0.423529411764706,0.574676813592012,0.503281266463529
"PF00168_sc5",0.458823529411765,0.423529411764706,0.576961162843925,0.502174871246287
"PF00168_sc6",0.43921568627451,0.411764705882353,0.560930049484379,0.497104055637716
"PF00168_sc7",0.431372549019608,0.415686274509804,0.547710202521929,0.495821311394354
"PF00168_sc8",0.450980392156863,0.431372549019608,0.561580680218325,0.50985638511201
"PF00168_sc9",0.466666666666667,0.431372549019608,0.550894632412322,0.510750441953338
"PF00168_scovar0",0.101960784313725,0.0666666666666667,0.365810735438305,0.266874803893075
"PF00168_scovar1",0.0549019607843137,0.0431372549019608,0.299532987564749,0.219648032333567
"PF00168_scovar10",0.0156862745098039,0.0196078431372549,0.115925520988007,0.117960339866029
"PF00168_scovar11",0.0117647058823529,0.0117647058823529,0.121884324921636,0.125301590391846
"PF00168_scovar2",0.0470588235294118,0.0392156862745098,0.280831052824489,0.214746550782496
"PF00168_scovar3",0.0313725490196078,0.0313725490196078,0.273122325160827,0.200191000571836
"PF00168_scovar4",0.0352941176470588,0.0352941176470588,0.234318110607946,0.183946703172366
"PF00168_scovar5",0.0313725490196078,0.0274509803921569,0.176436367941416,0.162300606764331
"PF00168_scovar6",0.0196078431372549,0.0156862745098039,0.146997593230365,0.141730848575242
"PF00168_scovar7",0.0196078431372549,0.0156862745098039,0.143061031261756,0.134346102340103
"PF00168_scovar8",0.00784313725490196,0.00392156862745098,0.132509299285202,0.125362735563171
"PF00168_scovar9",0.00784313725490196,0.00784313725490196,0.116095467686622,0.115213102319038
"PF00168_sr0",0.0352941176470588,0.0392156862745098,0.312945080701819,0.226170457085824
"PF00168_sr1",0.0274509803921569,0.0274509803921569,0.274308840296272,0.197110392646462
"PF00168_sr10",0,0,0.165226820203977,0.144877495414499
"PF00168_sr11",0.00784313725490196,0.00784313725490196,0.170937837333053,0.148060884502143
"PF00168_sr2",0.0117647058823529,0.0117647058823529,0.28372011239774,0.202036273362051
"PF00168_sr3",0.0117647058823529,0.0117647058823529,0.251576605367478,0.185494099244181
"PF00168_sr4",0.0117647058823529,0.0117647058823529,0.205668782452405,0.16824550338682
"PF00168_sr5",0.00392156862745098,0.00392156862745098,0.18658013489072,0.151912669431536
"PF00168_sr6",0.00784313725490196,0.00784313725490196,0.182372254035762,0.153395679519402
"PF00168_sr7",0.00392156862745098,0.00392156862745098,0.185018162611994,0.156316397449886
"PF00168_sr8",0.00392156862745098,0.00392156862745098,0.176892899964159,0.150811328827599
"PF00168_sr9",0,0,0.175325131447075,0.147612627633706
"PF00484_sc0",0.542168674698795,0.457831325301205,0.691815065146814,0.647479692299957
"PF00484_sc1",0.558232931726908,0.485943775100402,0.739894870896323,0.693790487737943
"PF00484_sc10",0.449799196787149,0.42570281124498,0.67637704941794,0.65349371212152
"PF00484_sc11",0.441767068273092,0.42570281124498,0.646569137961679,0.638183432103612
"PF00484_sc2",0.570281124497992,0.485943775100402,0.752318466928146,0.704322025708547
"PF00484_sc3",0.550200803212851,0.473895582329317,0.731106863788853,0.687591049610759
"PF00484_sc4",0.377510040160643,0.357429718875502,0.616779940145734,0.592370782847056
"PF00484_sc5",0.389558232931727,0.373493975903614,0.609965892793421,0.597006495029588
"PF00484_sc6",0.397590361445783,0.377510040160643,0.606327486021986,0.592146370358776
"PF00484_sc7",0.429718875502008,0.413654618473896,0.618160286064659,0.599267604231274
"PF00484_sc8",0.433734939759036,0.421686746987952,0.647830552175457,0.632442953276038
"PF00484_sc9",0.433734939759036,0.413654618473896,0.676005061998579,0.66018085278085
"PF00484_scovar0",0.0562248995983936,0.0481927710843374,0.414862571536754,0.387307879736038
"PF00484_scovar1",0.0281124497991968,0.0281124497991968,0.352783469518152,0.335383796637842
"PF00484_scovar10",0,0,0.11244827029444,0.108348258268039
"PF00484_scovar11",0,0,0.112616694818729,0.108117138983528
"PF00484_scovar2",0.0160642570281124,0.0160642570281124,0.355839309030624,0.339580224077612
"PF00484_scovar3",0.00803212851405622,0.00803212851405622,0.316578153646256,0.302083306695916
"PF00484_scovar4",0.0120481927710843,0.00803212851405622,0.213167154964537,0.204115651869516
"PF00484_scovar5",0.00401606425702811,0.00401606425702811,0.180139691327498,0.168952842678656
"PF00484_scovar6",0,0,0.118964321125335,0.114857136893767
"PF00484_scovar7",0,0,0.115906134867489,0.112799412387996
"PF00484_scovar8",0,0,0.116188000255978,0.112385024917521
"PF00484_scovar9",0,0,0.120870861577106,0.115950726532388
"PF00484_sr0",0.0200803212851406,0.0160642570281124,0.360459789882283,0.359968086994852
"PF00484_sr1",0.0120481927710843,0.0160642570281124,0.335834150252547,0.335289219763438
"PF00484_sr10",0.00803212851405622,0.00803212851405622,0.260237281570744,0.260242432632893
"PF00484_sr11",0.00401606425702811,0.00401606425702811,0.292333138294952,0.293976190323616
"PF00484_sr2",0.0120481927710843,0.0120481927710843,0.340204779322952,0.333455095343217
"PF00484_sr3",0.00803212851405622,0.00803212851405622,0.287369752707796,0.284639421783187
"PF00484_sr4",0.00803212851405622,0.00401606425702811,0.262593949551759,0.263023411027242
"PF00484_sr5",0,0.00401606425702811,0.25352725439209,0.251465181432073
"PF00484_sr6",0,0,0.240033854271011,0.236177153845732
"PF00484_sr7",0.00401606425702811,0.00401606425702811,0.264043364235316,0.262288400338862
"PF00484_sr8",0.00401606425702811,0.00401606425702811,0.257738888484736,0.252997220353631
"PF00484_sr9",0.00803212851405622,0.00803212851405622,0.268967993444794,0.263675112309434
"PF00672_sc0",0.416267942583732,0.301435406698565,0.525813325719771,0.379274459910353
"PF00672_sc1",0.392344497607655,0.296650717703349,0.522551343804917,0.399580269837387
"PF00672_sc10",0.358851674641148,0.282296650717703,0.452474278248204,0.389417290569931
"PF00672_sc11",0.344497607655502,0.277511961722488,0.441465396075493,0.388709740427192
"PF00672_sc2",0.401913875598086,0.282296650717703,0.523525761481368,0.375738584446027
"PF00672_sc3",0.354066985645933,0.272727272727273,0.483630488136806,0.385824970752511
"PF00672_sc4",0.31578947368421,0.248803827751196,0.469114811733687,0.391576872223464
"PF00672_sc5",0.344497607655502,0.267942583732057,0.455090093463297,0.390929841017114
"PF00672_sc6",0.339712918660287,0.272727272727273,0.458873678069602,0.39275531412446
"PF00672_sc7",0.31578947368421,0.258373205741627,0.424708616574584,0.372230026678637
"PF00672_sc8",0.325358851674641,0.267942583732057,0.439733649935287,0.375232001211798
"PF00672_sc9",0.354066985645933,0.277511961722488,0.441100018665084,0.385132463134362
"PF00672_scovar0",0.0287081339712919,0.0239234449760766,0.299638274831379,0.202231820330842
"PF00672_scovar1",0.00956937799043062,0.00956937799043062,0.262482897511268,0.187178941670782
"PF00672_scovar10",0.00478468899521531,0,0.128889164188282,0.123088722464971
"PF00672_scovar11",0.00478468899521531,0,0.117245843611786,0.110886311942149
"PF00672_scovar2",0.0143540669856459,0.00956937799043062,0.233245997604304,0.165652527499506
"PF00672_scovar3",0.00956937799043062,0.00478468899521531,0.220440110746752,0.15986145154961
"PF00672_scovar4",0.00956937799043062,0.00478468899521531,0.166702104112302,0.13693216980084
"PF00672_scovar5",0.00956937799043062,0.00478468899521531,0.152132365539399,0.133807507878867
"PF00672_scovar6",0.00956937799043062,0.00478468899521531,0.149564322039846,0.126324868912029
"PF00672_scovar7",0.0143540669856459,0.00956937799043062,0.13611659438913,0.121161911265806
"PF00672_scovar8",0.0143540669856459,0.00956937799043062,0.144263997746715,0.124553542968256
"PF00672_scovar9",0.00478468899521531,0,0.135209284559663,0.123637782639727
"PF00672_sr0",0.0143540669856459,0.00956937799043062,0.266336941578689,0.204384330930167
"PF00672_sr1",0.00956937799043062,0.00478468899521531,0.222537827542061,0.170101472050121
"PF00672_sr10",0.0191387559808612,0.0143540669856459,0.142179203338572,0.126306714897287
"PF00672_sr11",0.0191387559808612,0.0143540669856459,0.147844621125603,0.133051754627151
"PF00672_sr2",0.00956937799043062,0.00478468899521531,0.200639053056334,0.164721828190314
"PF00672_sr3",0.00956937799043062,0.00478468899521531,0.166675037190942,0.13989654896776
"PF00672_sr4",0.00956937799043062,0.00478468899521531,0.155690892491254,0.140530948738723
"PF00672_sr5",0.00956937799043062,0.00478468899521531,0.150225676011652,0.138076492347928
"PF00672_sr6",0.00956937799043062,0.00956937799043062,0.137449796179945,0.131743353730783
"PF00672_sr7",0.0143540669856459,0.00478468899521531,0.143583289838132,0.128949530753173
"PF00672_sr8",0.0143540669856459,0.00956937799043062,0.139869756440453,0.125992025640495
"PF00672_sr9",0.0191387559808612,0.00956937799043062,0.145999237520022,0.129188856258751
"PF00699_sc0",0.450171821305842,0.329896907216495,0.563725236102033,0.450395583010063
"PF00699_sc1",0.467353951890034,0.353951890034364,0.609791234007395,0.484239536885914
"PF00699_sc10",0.412371134020619,0.323024054982818,0.663649373922451,0.525465420672748
"PF00699_sc11",0.415807560137457,0.329896907216495,0.653766327315969,0.519284189254881
"PF00699_sc2",0.491408934707904,0.36426116838488,0.643505198023029,0.502261036571641
"PF00699_sc3",0.463917525773196,0.350515463917526,0.630716054852763,0.508130063232369
"PF00699_sc4",0.395189003436426,0.316151202749141,0.63033470057188,0.50150188330847
"PF00699_sc5",0.367697594501718,0.305841924398625,0.615713963972152,0.513852923852752
"PF00699_sc6",0.374570446735395,0.302405498281787,0.635150616410654,0.49114154242038
"PF00699_sc7",0.371134020618557,0.302405498281787,0.603026238304949,0.471586595770927
"PF00699_sc8",0.405498281786942,0.333333333333333,0.625944471877795,0.496304569348997
"PF00699_sc9",0.412371134020619,0.319587628865979,0.661350717842223,0.527985166352313
"PF00699_scovar0",0.0721649484536082,0.0481099656357388,0.290560761032258,0.245087924970046
"PF00699_scovar1",0.0309278350515464,0.013745704467354,0.253472860959346,0.220837502052924
"PF00699_scovar10",0,0,0.101254076874089,0.0922160492008932
"PF00699_scovar11",0,0,0.102019756024445,0.090951143503433
"PF00699_scovar2",0.0309278350515464,0.0171821305841924,0.224885621462894,0.195490344061825
"PF00699_scovar3",0.0171821305841924,0.013745704467354,0.241713389419962,0.205536486120321
"PF00699_scovar4",0.0240549828178694,0.0171821305841924,0.176070666450703,0.160701606188343
"PF00699_scovar5",0.013745704467354,0.013745704467354,0.140546568681117,0.126246896059159
"PF00699_scovar6",0.013745704467354,0.013745704467354,0.116074203661716,0.108301064415857
"PF00699_scovar7",0.0103092783505155,0.0103092783505155,0.109327304070353,0.10105029245073
"PF00699_scovar8",0.00687285223367698,0.00687285223367698,0.105113607953771,0.0950101581222335
"PF00699_scovar9",0.00687285223367698,0.00687285223367698,0.105721374499321,0.0946486861665361
"PF00699_sr0",0.0343642611683849,0.0206185567010309,0.285743424147435,0.249420802428501
"PF00699_sr1",0.0206185567010309,0.0171821305841924,0.210847438253839,0.197788958671418
"PF00699_sr10",0.0103092783505155,0.0103092783505155,0.150318392125779,0.144701992970969
"PF00699_sr11",0.00687285223367698,0.00343642611683849,0.142333648593361,0.144115952838206
"PF00699_sr2",0.0274914089347079,0.0206185567010309,0.212034152722611,0.202521293675232
"PF00699_sr3",0.0103092783505155,0.013745704467354,0.168928390373741,0.158239470186937
"PF00699_sr4",0.0103092783505155,0.013745704467354,0.154299813575304,0.14442201857414
"PF00699_sr5",0.00687285223367698,0.013745704467354,0.13991148776021,0.129265426612641
"PF00699_sr6",0.00343642611683849,0.00343642611683849,0.136681345077812,0.126748767625025
"PF00699_sr7",0,0.00687285223367698,0.1437142732444,0.136602953104918
"PF00699_sr8",0.00687285223367698,0.0103092783505155,0.140770004914023,0.138834354840504
"PF00699_sr9",0.0103092783505155,0.0103092783505155,0.143707016595003,0.147575420075405
"PF01951_sc0",0.476190476190476,0.444444444444444,0.644020285892896,0.612321220406102
"PF01951_sc1",0.492063492063492,0.44973544973545,0.635053520260187,0.623921628414095
"PF01951_sc10",0.481481481481481,0.46031746031746,0.627426773299214,0.61751510187114
"PF01951_sc11",0.428571428571429,0.428571428571429,0.650950614222555,0.62556641548512
"PF01951_sc2",0.486772486772487,0.455026455026455,0.634146176916612,0.626285651463221
"PF01951_sc3",0.444444444444444,0.396825396825397,0.588380542342257,0.589066293365187
"PF01951_sc4",0.455026455026455,0.417989417989418,0.566050747553154,0.578002701055364
"PF01951_sc5",0.465608465608466,0.44973544973545,0.560878769044974,0.559291558862431
"PF01951_sc6",0.439153439153439,0.433862433862434,0.555726062209179,0.551469781548973
"PF01951_sc7",0.412698412698413,0.412698412698413,0.567515096255182,0.587262025483565
"PF01951_sc8",0.412698412698413,0.407407407407407,0.557735786413649,0.548511395985024
"PF01951_sc9",0.465608465608466,0.433862433862434,0.627678618584243,0.61880128086138
"PF01951_scovar0",0.0740740740740741,0.0740740740740741,0.379365355931399,0.345757978016244
"PF01951_scovar1",0.0423280423280423,0.0476190476190476,0.333426350092427,0.309299652110973
"PF01951_scovar10",0.0158730158730159,0.0158730158730159,0.117898733562634,0.125796438753587
"PF01951_scovar11",0.0158730158730159,0.0211640211640212,0.118697511521974,0.130374748854423
"PF01951_scovar2",0.0317460317460317,0.0423280423280423,0.322907560978617,0.295049433295622
"PF01951_scovar3",0.0211640211640212,0.0264550264550265,0.270401461082186,0.259086621669315
"PF01951_scovar4",0.0158730158730159,0.0158730158730159,0.193897789711678,0.19908998448733
"PF01951_scovar5",0.0158730158730159,0.0158730158730159,0.154728608481621,0.161047832778421
"PF01951_scovar6",0.0105820105820106,0.0105820105820106,0.124832637989958,0.137462246575402
"PF01951_scovar7",0.00529100529100529,0.00529100529100529,0.118556549077982,0.128665158676403
"PF01951_scovar8",0.0105820105820106,0.0105820105820106,0.114902872605847,0.123458489937176
"PF01951_scovar9",0.0158730158730159,0.0158730158730159,0.12168451472594,0.133614768759101
"PF01951_sr0",0.037037037037037,0.0211640211640212,0.329184546623278,0.293543803976467
"PF01951_sr1",0.0105820105820106,0.00529100529100529,0.289696391566935,0.253886818589794
"PF01951_sr10",0.0158730158730159,0.0158730158730159,0.234642921548278,0.217497000477713
"PF01951_sr11",0.0264550264550265,0.0264550264550265,0.228973623203349,0.221345319730166
"PF01951_sr2",0.00529100529100529,0.00529100529100529,0.304786063688512,0.270145878640123
"PF01951_sr3",0,0,0.243406257877238,0.226313084339411
"PF01951_sr4",0,0,0.216457927436643,0.21375602353071
"PF01951_sr5",0,0,0.197182126421996,0.198470918170551
"PF01951_sr6",0.00529100529100529,0.00529100529100529,0.184469547083296,0.188273479213262
"PF01951_sr7",0.00529100529100529,0.00529100529100529,0.173853159907924,0.173963418802633
"PF01951_sr8",0.0158730158730159,0.0158730158730159,0.181259731002707,0.180158207734983
"PF01951_sr9",0.0158730158730159,0.0158730158730159,0.218036556429759,0.208074038708273
"PF03147_sc0",0.526881720430108,0.301075268817204,0.665804840768055,0.454092849212634
"PF03147_sc1",0.526881720430108,0.354838709677419,0.693371684657784,0.527742905398893
"PF03147_sc10",0.408602150537634,0.376344086021505,0.627024261585459,0.558150977038944
"PF03147_sc11",0.333333333333333,0.376344086021505,0.559364444665307,0.575492320652109
"PF03147_sc2",0.494623655913978,0.344086021505376,0.717658774844784,0.514390720103466
"PF03147_sc3",0.451612903225806,0.344086021505376,0.69999277599489,0.550353770573293
"PF03147_sc4",0.408602150537634,0.333333333333333,0.676872601325737,0.545693429854804
"PF03147_sc5",0.408602150537634,0.354838709677419,0.689478964506864,0.55284614476817
"PF03147_sc6",0.311827956989247,0.301075268817204,0.555455028928023,0.536775618152601
"PF03147_sc7",0.311827956989247,0.279569892473118,0.504602749146646,0.460450890065086
"PF03147_sc8",0.32258064516129,0.301075268817204,0.527111364308796,0.515379620801564
"PF03147_sc9",0.354838709677419,0.333333333333333,0.545538726260658,0.535355926169242
"PF03147_scovar0",0.0537634408602151,0.043010752688172,0.303400534706754,0.229060230879961
"PF03147_scovar1",0.032258064516129,0.032258064516129,0.280952413732325,0.210533693602293
"PF03147_scovar10",0.010752688172043,0.010752688172043,0.142649334898964,0.14340354341112
"PF03147_scovar11",0.010752688172043,0.010752688172043,0.133938117463027,0.131762773856129
"PF03147_scovar2",0,0.010752688172043,0.255156677409051,0.214298218548623
"PF03147_scovar3",0.010752688172043,0.021505376344086,0.234162139159232,0.196704779277459
"PF03147_scovar4",0,0.010752688172043,0.17571486303175,0.165337459001295
"PF03147_scovar5",0,0.010752688172043,0.159039178930457,0.149032115830638
"PF03147_scovar6",0,0.010752688172043,0.136514020676718,0.137252181261046
"PF03147_scovar7",0,0.010752688172043,0.142377082367237,0.143591443325102
"PF03147_scovar8",0,0,0.148947472684228,0.143942028357584
"PF03147_scovar9",0.010752688172043,0.010752688172043,0.143179536867024,0.145401604406002
"PF03147_sr0",0.021505376344086,0.021505376344086,0.260755186416948,0.199957973940886
"PF03147_sr1",0.010752688172043,0,0.236472418657905,0.173947948571398
"PF03147_sr10",0.032258064516129,0.032258064516129,0.156219274755921,0.157924483696547
"PF03147_sr11",0.032258064516129,0.032258064516129,0.162223526606924,0.162384403040386
"PF03147_sr2",0,0,0.162682402630822,0.153499276520919
"PF03147_sr3",0,0,0.151265633947094,0.145698234038056
"PF03147_sr4",0,0,0.149184918912431,0.136041602040169
"PF03147_sr5",0,0,0.143085012470426,0.14221439161288
"PF03147_sr6",0.010752688172043,0.010752688172043,0.137478436047622,0.142753891626496
"PF03147_sr7",0.021505376344086,0.021505376344086,0.157922198426385,0.154528251165125
"PF03147_sr8",0.021505376344086,0.021505376344086,0.145319225993115,0.153153193735874
"PF03147_sr9",0.021505376344086,0.021505376344086,0.144965743853461,0.144207023281737
"PF03463_sc0",0.460251046025105,0.426778242677824,0.622545977161716,0.603248360305421
"PF03463_sc1",0.493723849372385,0.435146443514644,0.670495439023693,0.648069199186053
"PF03463_sc10",0.418410041841004,0.376569037656904,0.64723704900373,0.620905083607335
"PF03463_sc11",0.435146443514644,0.410041841004184,0.646436834195089,0.626408365087565
"PF03463_sc2",0.489539748953975,0.418410041841004,0.687938524627139,0.657777372520357
"PF03463_sc3",0.447698744769874,0.389121338912134,0.659850711069984,0.610355940221377
"PF03463_sc4",0.418410041841004,0.376569037656904,0.657613619003478,0.627424588056458
"PF03463_sc5",0.397489539748954,0.384937238493724,0.656374634573841,0.631935283900733
"PF03463_sc6",0.368200836820084,0.355648535564854,0.633571403827863,0.60573145333646
"PF03463_sc7",0.364016736401674,0.330543933054393,0.628094968565666,0.585499033103083
"PF03463_sc8",0.359832635983264,0.326359832635983,0.634077375292916,0.599559530075705
"PF03463_sc9",0.397489539748954,0.351464435146443,0.656117583810598,0.615029139502277
"PF03463_scovar0",0.0418410041841004,0.0376569037656904,0.351014604655447,0.355942460216621
"PF03463_scovar1",0.0251046025104603,0.0251046025104603,0.304467300540841,0.296235433301219
"PF03463_scovar10",0.00418410041841004,0.00418410041841004,0.101898255816521,0.0997679426403396
"PF03463_scovar11",0.00418410041841004,0.00418410041841004,0.102793401876106,0.101092171066533
"PF03463_scovar2",0.0251046025104603,0.0251046025104603,0.287093351418518,0.287156469947387
"PF03463_scovar3",0.0125523012552301,0.0125523012552301,0.265579615131441,0.258561089781599
"PF03463_scovar4",0.00836820083682008,0.0125523012552301,0.176800440786893,0.175472192564445
"PF03463_scovar5",0.0125523012552301,0.0125523012552301,0.127747667820597,0.125239747243196
"PF03463_scovar6",0.00836820083682008,0.00836820083682008,0.114963865621105,0.112928283095347
"PF03463_scovar7",0.00418410041841004,0.00418410041841004,0.106519943192534,0.104560556495486
"PF03463_scovar8",0.00836820083682008,0.00836820083682008,0.113561145282491,0.109633278886417
"PF03463_scovar9",0.00836820083682008,0.00836820083682008,0.1029299034846,0.102029700938923
"PF03463_sr0",0.0460251046025105,0.0334728033472803,0.279208259008928,0.284255591959865
"PF03463_sr1",0.0209205020920502,0.0167364016736402,0.263110889969958,0.267864819439644
"PF03463_sr10",0.00418410041841004,0.00836820083682008,0.193347993037602,0.193469432838885
"PF03463_sr11",0.00836820083682008,0.0125523012552301,0.213049015083087,0.218664884900936
"PF03463_sr2",0.0251046025104603,0.0209205020920502,0.286050200837415,0.284290695367353
"PF03463_sr3",0.0125523012552301,0.0125523012552301,0.239531454774046,0.239364819186549
"PF03463_sr4",0.0125523012552301,0.0125523012552301,0.211021713051248,0.208340887021632
"PF03463_sr5",0.00836820083682008,0.00836820083682008,0.208366179827921,0.210781864428886
"PF03463_sr6",0.00418410041841004,0.00418410041841004,0.173865153033601,0.171738708697516
"PF03463_sr7",0.00418410041841004,0,0.178846339043375,0.183587321807843
"PF03463_sr8",0.00418410041841004,0,0.179434361473456,0.180766556945217
"PF03463_sr9",0.00836820083682008,0.00418410041841004,0.190622203134199,0.193872257479628
"PF04972_sc0",0.503703703703704,0.4,0.679527836494344,0.484588849470534
"PF04972_sc1",0.474074074074074,0.4,0.694323509358187,0.501584197432316
"PF04972_sc10",0.444444444444444,0.377777777777778,0.620972678141647,0.514882656585496
"PF04972_sc11",0.437037037037037,0.377777777777778,0.622827298930081,0.518848880263746
"PF04972_sc2",0.466666666666667,0.4,0.715385586526309,0.513051562187705
"PF04972_sc3",0.437037037037037,0.392592592592593,0.705607646163043,0.525301619704096
"PF04972_sc4",0.42962962962963,0.385185185185185,0.648075188953408,0.537708183508732
"PF04972_sc5",0.422222222222222,0.385185185185185,0.608785111528718,0.516858067046217
"PF04972_sc6",0.4,0.392592592592593,0.596965618736318,0.526765083525174
"PF04972_sc7",0.407407407407407,0.377777777777778,0.60716640523261,0.534530230251901
"PF04972_sc8",0.407407407407407,0.37037037037037,0.604281504483907,0.524938573699386
"PF04972_sc9",0.42962962962963,0.4,0.613956935819994,0.538611939641068
"PF04972_scovar0",0.0222222222222222,0.0148148148148148,0.321421424161867,0.199401679152869
"PF04972_scovar1",0.0148148148148148,0,0.253190898402223,0.158316563095128
"PF04972_scovar10",0.0148148148148148,0.0148148148148148,0.14879544871909,0.127866821185815
"PF04972_scovar11",0.00740740740740741,0.00740740740740741,0.140427094392391,0.125930999047326
"PF04972_scovar2",0.0148148148148148,0.00740740740740741,0.265285840821877,0.182056049211817
"PF04972_scovar3",0.0148148148148148,0.00740740740740741,0.224578968172855,0.162365168559201
"PF04972_scovar4",0.0148148148148148,0.00740740740740741,0.174021988902201,0.138959095134083
"PF04972_scovar5",0.00740740740740741,0.00740740740740741,0.157718033301362,0.135559253062775
"PF04972_scovar6",0.00740740740740741,0.00740740740740741,0.153517076945512,0.129418352733624
"PF04972_scovar7",0.00740740740740741,0.00740740740740741,0.1426451921125,0.126920787095225
"PF04972_scovar8",0.0148148148148148,0.0148148148148148,0.135544701722241,0.119286762944636
"PF04972_scovar9",0.0148148148148148,0.0148148148148148,0.141296261738159,0.125544686274235
"PF04972_sr0",0.0222222222222222,0.00740740740740741,0.272620033737407,0.180899569232853
"PF04972_sr1",0.0222222222222222,0.00740740740740741,0.241808630686878,0.161028688115462
"PF04972_sr10",0.0222222222222222,0.0222222222222222,0.161366429165121,0.150045243905114
"PF04972_sr11",0.0296296296296296,0.0222222222222222,0.165094401159658,0.148502844266405
"PF04972_sr2",0.0148148148148148,0.00740740740740741,0.201049072082939,0.151660202218264
"PF04972_sr3",0.00740740740740741,0.00740740740740741,0.178374105749041,0.15488746848393
"PF04972_sr4",0.00740740740740741,0.00740740740740741,0.157360431730177,0.139461114164796
"PF04972_sr5",0,0,0.144967910029292,0.136247654689571
"PF04972_sr6",0,0,0.148888641593497,0.134083597499942
"PF04972_sr7",0.00740740740740741,0.00740740740740741,0.138052202738782,0.129428288227305
"PF04972_sr8",0.0148148148148148,0.0148148148148148,0.145788137881029,0.141220658450377
"PF04972_sr9",0.0148148148148148,0.0148148148148148,0.145215138174787,0.141473630160091
"PF06427_sc0",0.453947368421053,0.381578947368421,0.693557973662268,0.623854425844912
"PF06427_sc1",0.447368421052632,0.43421052631579,0.695660658609968,0.644633507578387
"PF06427_sc10",0.427631578947368,0.427631578947368,0.663823631042282,0.648912793999138
"PF06427_sc11",0.447368421052632,0.414473684210526,0.680513401622686,0.63851974449178
"PF06427_sc2",0.414473684210526,0.407894736842105,0.704346624487096,0.654323640373424
"PF06427_sc3",0.394736842105263,0.388157894736842,0.688953528586509,0.639644749027986
"PF06427_sc4",0.394736842105263,0.375,0.665007038253845,0.619578835199692
"PF06427_sc5",0.355263157894737,0.368421052631579,0.653359661547563,0.646559327822597
"PF06427_sc6",0.368421052631579,0.375,0.6474624582197,0.630695544903211
"PF06427_sc7",0.375,0.368421052631579,0.627542068311997,0.604604158982464
"PF06427_sc8",0.368421052631579,0.348684210526316,0.622005813349703,0.597917971169745
"PF06427_sc9",0.375,0.368421052631579,0.612599175836224,0.581811122363677
"PF06427_scovar0",0.0526315789473684,0.0394736842105263,0.30986014610767,0.292448178040869
"PF06427_scovar1",0.0263157894736842,0.0197368421052632,0.274628305703,0.267831002208189
"PF06427_scovar10",0.00657894736842105,0.00657894736842105,0.115305459014929,0.119373765648636
"PF06427_scovar11",0.00657894736842105,0.00657894736842105,0.11796338041585,0.117870631608529
"PF06427_scovar2",0.0131578947368421,0.0131578947368421,0.26534154134311,0.244793818932296
"PF06427_scovar3",0.0131578947368421,0.0131578947368421,0.204360612717851,0.1999561143447
"PF06427_scovar4",0.0197368421052632,0.0197368421052632,0.137506024506558,0.139255424803539
"PF06427_scovar5",0.0197368421052632,0.0197368421052632,0.14073254237379,0.140744572756322
"PF06427_scovar6",0.0131578947368421,0.0131578947368421,0.124384454429955,0.125534154474781
"PF06427_scovar7",0.00657894736842105,0.00657894736842105,0.122136556191086,0.123785942906208
"PF06427_scovar8",0.00657894736842105,0.00657894736842105,0.122652516015512,0.124158432285962
"PF06427_scovar9",0.00657894736842105,0.00657894736842105,0.119461251654393,0.122200523012475
"PF06427_sr0",0.0328947368421053,0.0197368421052632,0.292933690837267,0.281217144740243
"PF06427_sr1",0.0394736842105263,0.0328947368421053,0.253971718965518,0.242265187395098
"PF06427_sr10",0,0,0.137446838076523,0.13040288092499
"PF06427_sr11",0,0,0.122563722548399,0.117672173655772
"PF06427_sr2",0.0328947368421053,0.0328947368421053,0.22797365712969,0.224536395388685
"PF06427_sr3",0.00657894736842105,0,0.190883961348127,0.181776804747859
"PF06427_sr4",0,0,0.181329060110906,0.17229365645489
"PF06427_sr5",0,0,0.167326401859117,0.155841234328022
"PF06427_sr6",0,0,0.146473859735353,0.139417784207881
"PF06427_sr7",0,0,0.143440664400703,0.134321097474264
"PF06427_sr8",0,0,0.156601632699401,0.149078034395825
"PF06427_sr9",0,0,0.135118518842724,0.12658041516569
"PF07498_sc0",0.485148514851485,0.425742574257426,0.667945216541533,0.611569086615821
"PF07498_sc1",0.504950495049505,0.445544554455446,0.694434544365447,0.647642304570306
"PF07498_sc10",0.415841584158416,0.396039603960396,0.666747347354255,0.612938757005778
"PF07498_sc11",0.405940594059406,0.366336633663366,0.684028201285723,0.633368539816048
"PF07498_sc2",0.485148514851485,0.425742574257426,0.694885519171333,0.649088754944459
"PF07498_sc3",0.425742574257426,0.346534653465347,0.679310075167196,0.630578188949083
"PF07498_sc4",0.455445544554455,0.396039603960396,0.683184487787264,0.629651449164607
"PF07498_sc5",0.396039603960396,0.376237623762376,0.650491416608161,0.61764185371178
"PF07498_sc6",0.376237623762376,0.366336633663366,0.659231363886855,0.620602585990012
"PF07498_sc7",0.376237623762376,0.356435643564356,0.638215438906429,0.602034162475362
"PF07498_sc8",0.396039603960396,0.346534653465347,0.670484893459285,0.595385288733653
"PF07498_sc9",0.415841584158416,0.386138613861386,0.666718036371118,0.62071650378938
"PF07498_scovar0",0.0099009900990099,0,0.257204265790685,0.221760257724246
"PF07498_scovar1",0,0,0.206841620789769,0.191184072053657
"PF07498_scovar10",0,0,0.133723507460311,0.131923740162592
"PF07498_scovar11",0,0,0.133919706923616,0.136377427806621
"PF07498_scovar2",0,0,0.193047660906768,0.17387966687817
"PF07498_scovar3",0.0099009900990099,0.0099009900990099,0.219110170363513,0.208541855727399
"PF07498_scovar4",0.0099009900990099,0.0099009900990099,0.143987612782645,0.149991288839454
"PF07498_scovar5",0.0099009900990099,0.0099009900990099,0.13092668827051,0.132375728394479
"PF07498_scovar6",0,0,0.127374955705271,0.125584839349474
"PF07498_scovar7",0.0099009900990099,0.0099009900990099,0.136667418667588,0.133915923043559
"PF07498_scovar8",0.0099009900990099,0.0099009900990099,0.134473549463385,0.143509755668091
"PF07498_scovar9",0,0,0.133005014864396,0.134426569428248
"PF07498_sr0",0.0099009900990099,0,0.226336310833952,0.202205923295759
"PF07498_sr1",0,0,0.207435896652512,0.196456754836078
"PF07498_sr10",0.0198019801980198,0.0198019801980198,0.145300658853756,0.154625814825078
"PF07498_sr11",0.0198019801980198,0.0198019801980198,0.144663014704402,0.152731406304783
"PF07498_sr2",0.0198019801980198,0.0198019801980198,0.178213804853362,0.166424554017936
"PF07498_sr3",0.0198019801980198,0.0198019801980198,0.157834720606226,0.154694606077395
"PF07498_sr4",0.0198019801980198,0.0198019801980198,0.153016070483217,0.147054281480619
"PF07498_sr5",0.0198019801980198,0.0198019801980198,0.138564857894493,0.135780822006211
"PF07498_sr6",0.0099009900990099,0.0099009900990099,0.141741792881226,0.140836720094245
"PF07498_sr7",0.0099009900990099,0.0099009900990099,0.135471054502927,0.131190213839262
"PF07498_sr8",0.0099009900990099,0.0099009900990099,0.139820075697687,0.146293285423618
"PF07498_sr9",0.0099009900990099,0.0099009900990099,0.141368893513592,0.15148601576639
"PF07677_sc0",0.476439790575916,0.43979057591623,0.692361273411485,0.596207221544856
"PF07677_sc1",0.476439790575916,0.43455497382199,0.722995373784092,0.623709257483352
"PF07677_sc10",0.518324607329843,0.445026178010471,0.681950146706771,0.627422058523441
"PF07677_sc11",0.534031413612565,0.455497382198953,0.689002669557049,0.634226823028142
"PF07677_sc2",0.49738219895288,0.455497382198953,0.702488167965244,0.641254095706235
"PF07677_sc3",0.43979057591623,0.397905759162304,0.634860119191838,0.596131150689067
"PF07677_sc4",0.43455497382199,0.387434554973822,0.632139673867405,0.604546826956905
"PF07677_sc5",0.476439790575916,0.418848167539267,0.662793639102906,0.617809299831447
"PF07677_sc6",0.486910994764398,0.43979057591623,0.66377440451871,0.659821459420755
"PF07677_sc7",0.486910994764398,0.429319371727749,0.66359269409729,0.655796326378079
"PF07677_sc8",0.49738219895288,0.43979057591623,0.671465006061883,0.636251517582656
"PF07677_sc9",0.49738219895288,0.445026178010471,0.671120557146827,0.645393282397512
"PF07677_scovar0",0.0575916230366492,0.0366492146596859,0.335795110111675,0.263754032117378
"PF07677_scovar1",0.0104712041884817,0.0157068062827225,0.247529702485425,0.204420990875728
"PF07677_scovar10",0,0,0.107446467693021,0.104902743194286
"PF07677_scovar11",0,0,0.115830579609653,0.108336043110558
"PF07677_scovar2",0.00523560209424084,0.00523560209424084,0.224129419776868,0.192434771844738
"PF07677_scovar3",0,0,0.222153647278771,0.185906104538194
"PF07677_scovar4",0,0,0.146158977379091,0.134910445395942
"PF07677_scovar5",0,0,0.13050526653295,0.119793297565297
"PF07677_scovar6",0,0,0.115772111265327,0.106527624843323
"PF07677_scovar7",0,0,0.123338407458732,0.111381900932104
"PF07677_scovar8",0,0,0.120065046791884,0.111278009750808
"PF07677_scovar9",0,0,0.11908562149067,0.108035061903776
"PF07677_sr0",0.0366492146596859,0.0366492146596859,0.318429660309293,0.254124730033676
"PF07677_sr1",0.0261780104712042,0.0157068062827225,0.258772628829607,0.217543651397729
"PF07677_sr10",0.0104712041884817,0.0157068062827225,0.171814799829444,0.156843896943926
"PF07677_sr11",0.0104712041884817,0.0157068062827225,0.169455361065379,0.158592353346519
"PF07677_sr2",0.0157068062827225,0.031413612565445,0.221318045008066,0.191531165110547
"PF07677_sr3",0.00523560209424084,0.0104712041884817,0.180796589958212,0.158707227364919
"PF07677_sr4",0.0104712041884817,0.0157068062827225,0.168284364567399,0.153099632499033
"PF07677_sr5",0.0104712041884817,0.0157068062827225,0.155606277151296,0.145863768954383
"PF07677_sr6",0.0104712041884817,0.0104712041884817,0.136126784623163,0.126805515893604
"PF07677_sr7",0.0104712041884817,0.0157068062827225,0.154840293736068,0.144931717959494
"PF07677_sr8",0.0104712041884817,0.0157068062827225,0.152622880755956,0.14383792176391
"PF07677_sr9",0.0104712041884817,0.0157068062827225,0.178273710547178,0.1593422474297
"PF10114_sc0",0.5,0.473958333333333,0.69679055454877,0.640723575902874
"PF10114_sc1",0.479166666666667,0.473958333333333,0.698423023803159,0.664148465160426
"PF10114_sc10",0.458333333333333,0.447916666666667,0.644050467392146,0.62696365613868
"PF10114_sc11",0.473958333333333,0.479166666666667,0.625835386187744,0.627406518579775
"PF10114_sc2",0.458333333333333,0.458333333333333,0.691300689333694,0.671565560076957
"PF10114_sc3",0.458333333333333,0.458333333333333,0.697242966129324,0.652242557901981
"PF10114_sc4",0.442708333333333,0.432291666666667,0.665852546736925,0.654878340003046
"PF10114_sc5",0.442708333333333,0.4375,0.634009951361093,0.627796778690196
"PF10114_sc6",0.442708333333333,0.432291666666667,0.636791023062421,0.618588667988007
"PF10114_sc7",0.432291666666667,0.427083333333333,0.626706074765789,0.609088994812238
"PF10114_sc8",0.453125,0.453125,0.653425092149217,0.632260417981234
"PF10114_sc9",0.453125,0.453125,0.646478320685444,0.630057250108845
"PF10114_scovar0",0.03125,0.0260416666666667,0.362491868644827,0.326476333002874
"PF10114_scovar1",0.015625,0.015625,0.291430247463832,0.2642612296102
"PF10114_scovar10",0.00520833333333333,0.00520833333333333,0.117069714874226,0.110427908900177
"PF10114_scovar11",0.00520833333333333,0.00520833333333333,0.115496402305218,0.10948049447241
"PF10114_scovar2",0.0104166666666667,0.0104166666666667,0.268672234252701,0.245482773631461
"PF10114_scovar3",0.00520833333333333,0.00520833333333333,0.261077970620046,0.237025491454387
"PF10114_scovar4",0.00520833333333333,0.0104166666666667,0.204385014001428,0.191908183466181
"PF10114_scovar5",0.00520833333333333,0.00520833333333333,0.161207439338465,0.152159136520539
"PF10114_scovar6",0.0104166666666667,0.0104166666666667,0.143098956130326,0.134062432767193
"PF10114_scovar7",0.0104166666666667,0.0104166666666667,0.131155413617342,0.127897988862735
"PF10114_scovar8",0.0104166666666667,0.015625,0.128670081595939,0.128903983413273
"PF10114_scovar9",0.0104166666666667,0.0104166666666667,0.125570597673639,0.121403894810762
"PF10114_sr0",0.03125,0.03125,0.338568420422545,0.299541470983609
"PF10114_sr1",0.015625,0.015625,0.268979629809408,0.241267625908516
"PF10114_sr10",0.0208333333333333,0.0208333333333333,0.167477071542772,0.157571814951062
"PF10114_sr11",0.0260416666666667,0.0260416666666667,0.165986934468565,0.158873592400073
"PF10114_sr2",0.0260416666666667,0.0260416666666667,0.259689934121613,0.238964243064406
"PF10114_sr3",0.0104166666666667,0.0104166666666667,0.245647800553228,0.217685554372285
"PF10114_sr4",0.0104166666666667,0.0104166666666667,0.202882054471289,0.186799560170186
"PF10114_sr5",0.0104166666666667,0.0104166666666667,0.180067490640073,0.171291972922918
"PF10114_sr6",0.00520833333333333,0.00520833333333333,0.185694232508085,0.174739209437279
"PF10114_sr7",0.00520833333333333,0.00520833333333333,0.196251178716691,0.183243960004674
"PF10114_sr8",0.00520833333333333,0.00520833333333333,0.183288330819562,0.166030843789684
"PF10114_sr9",0.00520833333333333,0.00520833333333333,0.200738505266235,0.184169092311626
"PF10576_sc0",0.352185089974293,0.174807197943445,0.566912742801156,0.317024832395263
"PF10576_sc1",0.303341902313625,0.182519280205656,0.509735542561177,0.340191442300047
"PF10576_sc10",0.22879177377892,0.203084832904884,0.446409455789846,0.382671979710352
"PF10576_sc11",0.244215938303342,0.205655526992288,0.444669059040261,0.385639429038206
"PF10576_sc2",0.267352185089974,0.182519280205656,0.526562337852485,0.353655489561213
"PF10576_sc3",0.249357326478149,0.187660668380463,0.491758716654289,0.351763471910134
"PF10576_sc4",0.239074550128535,0.182519280205656,0.463771823369271,0.363305591363357
"PF10576_sc5",0.22107969151671,0.172236503856041,0.470463331435098,0.372153972562749
"PF10576_sc6",0.233933161953728,0.179948586118252,0.436473291758878,0.378905120730769
"PF10576_sc7",0.233933161953728,0.174807197943445,0.43872675224908,0.36925394400492
"PF10576_sc8",0.223650385604113,0.197943444730077,0.448688142308803,0.383287583985947
"PF10576_sc9",0.226221079691517,0.197943444730077,0.408482001754464,0.359369178219627
"PF10576_scovar0",0.0077120822622108,0.0077120822622108,0.274883135775297,0.146475684112093
"PF10576_scovar1",0.0025706940874036,0.0051413881748072,0.228701825446683,0.151254910338157
"PF10576_scovar10",0,0.0025706940874036,0.0968014780843126,0.0958014027624066
"PF10576_scovar11",0,0.0025706940874036,0.0939285667231142,0.0965685639872114
"PF10576_scovar2",0.0077120822622108,0.0077120822622108,0.198497243119622,0.13143756092746
"PF10576_scovar3",0.0051413881748072,0.0077120822622108,0.168061731377444,0.122157100870202
"PF10576_scovar4",0.0025706940874036,0.0051413881748072,0.12633561924984,0.109405210184559
"PF10576_scovar5",0,0.0025706940874036,0.101031606557835,0.101065638268839
"PF10576_scovar6",0.0025706940874036,0.0051413881748072,0.098785392768462,0.0996353623707472
"PF10576_scovar7",0,0.0025706940874036,0.0957183386757272,0.0974144882392042
"PF10576_scovar8",0,0.0025706940874036,0.0957565032614461,0.0979524342539471
"PF10576_scovar9",0,0.0025706940874036,0.095246191969886,0.0969153846139613
"PF10576_sr0",0.012853470437018,0.0077120822622108,0.216943682088126,0.133759154393765
"PF10576_sr1",0.0051413881748072,0.0025706940874036,0.172733375177015,0.124592488607946
"PF10576_sr10",0.0077120822622108,0.0077120822622108,0.10508181392444,0.10308290461259
"PF10576_sr11",0.0025706940874036,0.0051413881748072,0.105237200453836,0.101611755413882
"PF10576_sr2",0.0077120822622108,0.0025706940874036,0.158477085970879,0.118898843885334
"PF10576_sr3",0.0077120822622108,0.0025706940874036,0.129183462134364,0.110546686632538
"PF10576_sr4",0.0077120822622108,0.0025706940874036,0.121594686299116,0.111739767490984
"PF10576_sr5",0.0025706940874036,0,0.108891606460888,0.104899047562545
"PF10576_sr6",0.0051413881748072,0,0.104250988570232,0.102669482500455
"PF10576_sr7",0.0025706940874036,0,0.101303191539361,0.101601441591895
"PF10576_sr8",0.0025706940874036,0,0.105472378337913,0.10416913830392
"PF10576_sr9",0.0051413881748072,0.0025706940874036,0.107083537782393,0.103696087621971
"PF12172_sc0",0.244444444444444,0.2,0.527866147608674,0.458337866266388
"PF12172_sc1",0.233333333333333,0.222222222222222,0.52691757475473,0.47859956005148
"PF12172_sc10",0.222222222222222,0.222222222222222,0.49265579012666,0.501652569316439
"PF12172_sc11",0.244444444444444,0.222222222222222,0.519519378470502,0.536151726672527
"PF12172_sc2",0.233333333333333,0.233333333333333,0.482329690599536,0.50144110624926
"PF12172_sc3",0.211111111111111,0.211111111111111,0.488456043960212,0.498801467177325
"PF12172_sc4",0.211111111111111,0.2,0.492076098652333,0.524984058739203
"PF12172_sc5",0.211111111111111,0.2,0.491398234268261,0.498183581436633
"PF12172_sc6",0.233333333333333,0.211111111111111,0.505425851149452,0.502630221325291
"PF12172_sc7",0.233333333333333,0.2,0.508674241427903,0.49378505413788
"PF12172_sc8",0.244444444444444,0.222222222222222,0.521704278259646,0.530187144594781
"PF12172_sc9",0.222222222222222,0.211111111111111,0.496812174830557,0.500943840597852
"PF12172_scovar0",0.0222222222222222,0,0.23751138589025,0.182587184293745
"PF12172_scovar1",0,0,0.193651830588394,0.16398998627346
"PF12172_scovar10",0,0,0.129488050405224,0.120143455849881
"PF12172_scovar11",0,0,0.121748083956134,0.130049235332554
"PF12172_scovar2",0,0,0.168810619324642,0.156089090270738
"PF12172_scovar3",0,0,0.157361713549875,0.147570589137427
"PF12172_scovar4",0,0,0.161327640824029,0.147409263962187
"PF12172_scovar5",0,0,0.133099029617643,0.131712524013658
"PF12172_scovar6",0,0,0.137994323976983,0.129942359631586
"PF12172_scovar7",0,0,0.139668413621045,0.142195976582209
"PF12172_scovar8",0,0,0.13263143897575,0.13800684891593
"PF12172_scovar9",0,0,0.132614164227265,0.130797131123174
"PF12172_sr0",0.0333333333333333,0,0.265839448251077,0.207318394729771
"PF12172_sr1",0.0111111111111111,0,0.225262203096452,0.207635468487389
"PF12172_sr10",0,0,0.158985733399148,0.161690629601383
"PF12172_sr11",0,0,0.161862701380254,0.158380486257492
"PF12172_sr2",0.0222222222222222,0.0111111111111111,0.192759253272438,0.182591972612774
"PF12172_sr3",0.0222222222222222,0.0111111111111111,0.16343925478427,0.164293990956548
"PF12172_sr4",0.0222222222222222,0.0111111111111111,0.153272474440378,0.158407144399447
"PF12172_sr5",0.0111111111111111,0.0111111111111111,0.146844773660953,0.153836327390362
"PF12172_sr6",0.0111111111111111,0.0111111111111111,0.149936725126704,0.151291251505777
"PF12172_sr7",0.0111111111111111,0.0111111111111111,0.141233616222309,0.147130910215968
"PF12172_sr8",0,0,0.162621647283584,0.148448775379263
"PF12172_sr9",0,0,0.150153434351525,0.147599722551671
"PF12872_sc0",0.519685039370079,0.464566929133858,0.695651164599885,0.588391025433539
"PF12872_sc1",0.488188976377953,0.448818897637795,0.688440477714776,0.567026022732803
"PF12872_sc10",0.47244094488189,0.448818897637795,0.656661012944652,0.584716945585844
"PF12872_sc11",0.503937007874016,0.456692913385827,0.656247970473343,0.567025591046249
"PF12872_sc2",0.480314960629921,0.480314960629921,0.668699497710627,0.597481619092722
"PF12872_sc3",0.464566929133858,0.456692913385827,0.65806388188543,0.588653944331148
"PF12872_sc4",0.456692913385827,0.448818897637795,0.662513968974064,0.593251856907979
"PF12872_sc5",0.409448818897638,0.433070866141732,0.639412510401558,0.578711147716434
"PF12872_sc6",0.393700787401575,0.433070866141732,0.619127571374904,0.575378720796745
"PF12872_sc7",0.417322834645669,0.417322834645669,0.642035795972974,0.569351401323558
"PF12872_sc8",0.433070866141732,0.448818897637795,0.634981766064479,0.585581130442142
"PF12872_sc9",0.464566929133858,0.440944881889764,0.641240724670643,0.578245172261752
"PF12872_scovar0",0.031496062992126,0.031496062992126,0.284479884257828,0.211694202785672
"PF12872_scovar1",0.015748031496063,0.0236220472440945,0.26305935844207,0.197145564967687
"PF12872_scovar10",0,0,0.135482558409958,0.122836802744711
"PF12872_scovar11",0,0.0078740157480315,0.142679953090849,0.12821668810348
"PF12872_scovar2",0.0078740157480315,0.015748031496063,0.218541938667421,0.175809987598014
"PF12872_scovar3",0.0078740157480315,0.0236220472440945,0.190333113998998,0.161937528369339
"PF12872_scovar4",0,0.0078740157480315,0.165274981762285,0.144662960167496
"PF12872_scovar5",0,0,0.13260270000464,0.122193568196197
"PF12872_scovar6",0,0,0.125031094894832,0.117488420012994
"PF12872_scovar7",0,0.0078740157480315,0.129477355641741,0.122423252832195
"PF12872_scovar8",0,0,0.135992555363508,0.122704125878466
"PF12872_scovar9",0,0,0.134429458831507,0.124526447477178
"PF12872_sr0",0.0236220472440945,0.015748031496063,0.240975848277127,0.179627368690143
"PF12872_sr1",0.031496062992126,0.015748031496063,0.180821148364912,0.141749416455633
"PF12872_sr10",0,0,0.122891503490633,0.118427103375387
"PF12872_sr11",0.0078740157480315,0.0078740157480315,0.141567522159343,0.13317815956391
"PF12872_sr2",0.031496062992126,0.015748031496063,0.170218831581344,0.133206064562489
"PF12872_sr3",0.015748031496063,0.015748031496063,0.143743068720826,0.128103455223476
"PF12872_sr4",0.015748031496063,0.015748031496063,0.139078767473642,0.134230414559957
"PF12872_sr5",0.015748031496063,0.015748031496063,0.14129771809774,0.138374711771904
"PF12872_sr6",0.015748031496063,0.015748031496063,0.135233676919393,0.125040765950484
"PF12872_sr7",0.015748031496063,0.015748031496063,0.129925736623514,0.126839929518231
"PF12872_sr8",0,0,0.142252800706912,0.139567052315017
"PF12872_sr9",0,0,0.130302555316285,0.121081483520586
"PF13377_sc0",0.523809523809524,0.476190476190476,0.694388441228764,0.612008854327685
"PF13377_sc1",0.571428571428571,0.53968253968254,0.749754979183669,0.646292048336041
"PF13377_sc10",0.492063492063492,0.53968253968254,0.60345334927789,0.602057586689781
"PF13377_sc11",0.492063492063492,0.523809523809524,0.594307443709154,0.582278559391603
"PF13377_sc2",0.507936507936508,0.492063492063492,0.685454686197314,0.637530745377031
"PF13377_sc3",0.444444444444444,0.46031746031746,0.626924898560939,0.616612378782691
"PF13377_sc4",0.428571428571429,0.444444444444444,0.621779680656369,0.613833442613119
"PF13377_sc5",0.412698412698413,0.428571428571429,0.56222687123779,0.5605743047357
"PF13377_sc6",0.380952380952381,0.412698412698413,0.559239269368945,0.56271964414659
"PF13377_sc7",0.396825396825397,0.444444444444444,0.549017917052993,0.540324161688312
"PF13377_sc8",0.396825396825397,0.46031746031746,0.583131713148824,0.554028477873378
"PF13377_sc9",0.444444444444444,0.507936507936508,0.579227453722152,0.573654632656613
"PF13377_scovar0",0.0634920634920635,0.0317460317460317,0.379591908557797,0.263502804414442
"PF13377_scovar1",0.0634920634920635,0.0317460317460317,0.372039262790964,0.255887036352222
"PF13377_scovar10",0.0317460317460317,0.0317460317460317,0.189549403289769,0.16654166112968
"PF13377_scovar11",0.0317460317460317,0.0317460317460317,0.164318544664194,0.149393236031647
"PF13377_scovar2",0.0317460317460317,0.0158730158730159,0.35657184151153,0.268785265478725
"PF13377_scovar3",0.0476190476190476,0.0317460317460317,0.235015654543811,0.1949681621403
"PF13377_scovar4",0.0476190476190476,0.0317460317460317,0.193465637201788,0.172463788864843
"PF13377_scovar5",0.0317460317460317,0.0317460317460317,0.185097720108563,0.161142932317453
"PF13377_scovar6",0.0317460317460317,0.0317460317460317,0.168129260205306,0.153484128910994
"PF13377_scovar7",0.0317460317460317,0.0317460317460317,0.155057007285393,0.151583246961974
"PF13377_scovar8",0.0317460317460317,0.0317460317460317,0.187209654328129,0.171067962609387
"PF13377_scovar9",0.0317460317460317,0.0317460317460317,0.176235966317084,0.156572594251065
"PF13377_sr0",0.0634920634920635,0.0476190476190476,0.339231184232829,0.276276419358566
"PF13377_sr1",0.0158730158730159,0.0317460317460317,0.2900235110221,0.222034344470687
"PF13377_sr10",0.0317460317460317,0.0317460317460317,0.197512232266085,0.206677281677277
"PF13377_sr11",0.0476190476190476,0.0634920634920635,0.233610836048296,0.2356785602294
"PF13377_sr2",0,0,0.227079650709448,0.187176304314145
"PF13377_sr3",0,0,0.172083331446329,0.178095674289991
"PF13377_sr4",0,0,0.212878826695397,0.20904377889601
"PF13377_sr5",0,0,0.159764405706951,0.150488989428874
"PF13377_sr6",0.0158730158730159,0.0158730158730159,0.158209342834846,0.150609628237484
"PF13377_sr7",0.0158730158730159,0.0158730158730159,0.170742379539044,0.166085828184738
"PF13377_sr8",0.0158730158730159,0.0158730158730159,0.171879491870077,0.174638852109979
"PF13377_sr9",0.0317460317460317,0.0317460317460317,0.215764723678471,0.205722244549456
"PF13466_sc0",0.490196078431373,0.313725490196078,0.634167870602905,0.476756173833966
"PF13466_sc1",0.529411764705882,0.333333333333333,0.681796633501775,0.509902052385026
"PF13466_sc10",0.470588235294118,0.333333333333333,0.615832747589695,0.498414958874179
"PF13466_sc11",0.470588235294118,0.352941176470588,0.617987570030579,0.48968461907381
"PF13466_sc2",0.509803921568627,0.352941176470588,0.711242213317805,0.530553550233131
"PF13466_sc3",0.392156862745098,0.294117647058824,0.607780758971885,0.479910383909196
"PF13466_sc4",0.411764705882353,0.294117647058824,0.600484570217881,0.479698217436252
"PF13466_sc5",0.431372549019608,0.313725490196078,0.606293830526911,0.477024071870927
"PF13466_sc6",0.352941176470588,0.294117647058824,0.542607941939002,0.462353605017304
"PF13466_sc7",0.352941176470588,0.294117647058824,0.547741915836372,0.456891906394386
"PF13466_sc8",0.372549019607843,0.313725490196078,0.55078049566142,0.48411814345557
"PF13466_sc9",0.392156862745098,0.313725490196078,0.57501344384453,0.480415153075515
"PF13466_scovar0",0.0196078431372549,0,0.245663867183999,0.217515925213174
"PF13466_scovar1",0,0,0.214554589896957,0.17591665622638
"PF13466_scovar10",0.0196078431372549,0,0.153863748621746,0.150742420836772
"PF13466_scovar11",0.0196078431372549,0,0.14315094560016,0.134137179899709
"PF13466_scovar2",0.0196078431372549,0.0196078431372549,0.204371365384521,0.187789213929978
"PF13466_scovar3",0,0.0196078431372549,0.177577371844169,0.185811230528409
"PF13466_scovar4",0,0,0.162308760216663,0.166114858843714
"PF13466_scovar5",0,0,0.142398838129081,0.14035628040478
"PF13466_scovar6",0,0,0.138595450108336,0.142441479855903
"PF13466_scovar7",0,0,0.154057729734499,0.149409934548749
"PF13466_scovar8",0,0,0.140525902284427,0.13154201479373
"PF13466_scovar9",0,0,0.142688604604293,0.138609737465538
"PF13466_sr0",0.0588235294117647,0.0196078431372549,0.272278691718294,0.219058916844875
"PF13466_sr1",0.0196078431372549,0.0196078431372549,0.233106172464623,0.203762579879105
"PF13466_sr10",0.0392156862745098,0.0392156862745098,0.19262109170637,0.186214389192832
"PF13466_sr11",0.0392156862745098,0.0392156862745098,0.19328508773962,0.187529987144721
"PF13466_sr2",0.0196078431372549,0.0196078431372549,0.211568046204679,0.189809802483565
"PF13466_sr3",0.0196078431372549,0.0196078431372549,0.18353017063796,0.179362694469593
"PF13466_sr4",0.0588235294117647,0.0588235294117647,0.214682452677773,0.226129067100252
"PF13466_sr5",0.0196078431372549,0.0196078431372549,0.173785448628053,0.167283942411552
"PF13466_sr6",0.0392156862745098,0.0392156862745098,0.176398938682723,0.18330865245003
"PF13466_sr7",0.0392156862745098,0.0392156862745098,0.16649033645864,0.174456761383936
"PF13466_sr8",0.0588235294117647,0.0588235294117647,0.171776740766436,0.170992002736229
"PF13466_sr9",0.0588235294117647,0.0588235294117647,0.182913346311635,0.179061180641107
"PF14317_sc0",0.456521739130435,0.304347826086957,0.557185340229534,0.360223028514533
"PF14317_sc1",0.391304347826087,0.289855072463768,0.52300251466424,0.370204997244533
"PF14317_sc10",0.253623188405797,0.246376811594203,0.425387366707016,0.387969145267019
"PF14317_sc11",0.253623188405797,0.246376811594203,0.426629491138153,0.40990395373415
"PF14317_sc2",0.355072463768116,0.297101449275362,0.467073187556117,0.365296701464873
"PF14317_sc3",0.297101449275362,0.260869565217391,0.447571065298276,0.36597223887599
"PF14317_sc4",0.268115942028986,0.239130434782609,0.401904358986335,0.368264007691525
"PF14317_sc5",0.268115942028986,0.239130434782609,0.414700793085507,0.357055684327685
"PF14317_sc6",0.231884057971014,0.202898550724638,0.383506639425399,0.345083357609358
"PF14317_sc7",0.210144927536232,0.202898550724638,0.394779525550692,0.349213104978967
"PF14317_sc8",0.246376811594203,0.239130434782609,0.406022937188808,0.372136693304866
"PF14317_sc9",0.253623188405797,0.246376811594203,0.416479565185169,0.390692692391491
"PF14317_scovar0",0.0289855072463768,0.0217391304347826,0.276708254600947,0.176906542590748
"PF14317_scovar1",0.0217391304347826,0.0217391304347826,0.252590123241955,0.171036849981387
"PF14317_scovar10",0.0072463768115942,0,0.148142776145749,0.123523470012176
"PF14317_scovar11",0.0072463768115942,0,0.150151101256189,0.124274790692042
"PF14317_scovar2",0.0144927536231884,0.0072463768115942,0.222550800512888,0.164456346427389
"PF14317_scovar3",0.0144927536231884,0.0072463768115942,0.19112065926914,0.144342060999716
"PF14317_scovar4",0.0144927536231884,0.0072463768115942,0.173621958162977,0.134203887829847
"PF14317_scovar5",0.0144927536231884,0.0072463768115942,0.162039253716657,0.127508414021558
"PF14317_scovar6",0.0072463768115942,0,0.161965055342584,0.130338471522527
"PF14317_scovar7",0.0072463768115942,0,0.158346079836406,0.127888635556541
"PF14317_scovar8",0.0072463768115942,0,0.147744036955404,0.125898473437993
"PF14317_scovar9",0.0072463768115942,0,0.146819102043648,0.126844411333984
"PF14317_sr0",0.0072463768115942,0.0072463768115942,0.239340466913802,0.164498266689631
"PF14317_sr1",0.0072463768115942,0.0072463768115942,0.200002363617148,0.151207270745112
"PF14317_sr10",0.0072463768115942,0.0072463768115942,0.14348178035829,0.128877913413934
"PF14317_sr11",0.0217391304347826,0.0072463768115942,0.150302558684755,0.13988116242798
"PF14317_sr2",0.0072463768115942,0.0072463768115942,0.198249894379706,0.15577409014708
"PF14317_sr3",0,0,0.156022375133171,0.125484870106777
"PF14317_sr4",0,0,0.135074689933068,0.114787275359908
"PF14317_sr5",0,0,0.138159518171078,0.113569221694116
"PF14317_sr6",0,0,0.137872941657592,0.116349558865057
"PF14317_sr7",0,0,0.134071418394705,0.118968573720084
"PF14317_sr8",0,0,0.140240538465213,0.122258219162284
"PF14317_sr9",0.0072463768115942,0.0072463768115942,0.144217995821563,0.133381155424988
"PF20171_sc0",0.574803149606299,0.559055118110236,0.756946464521539,0.736030616020173
"PF20171_sc1",0.582677165354331,0.543307086614173,0.758207920352066,0.726562994321445
"PF20171_sc10",0.47244094488189,0.456692913385827,0.729565811828528,0.718669978622346
"PF20171_sc11",0.480314960629921,0.480314960629921,0.71729814384651,0.706621277631986
"PF20171_sc2",0.566929133858268,0.535433070866142,0.730302836260158,0.709786465464691
"PF20171_sc3",0.488188976377953,0.456692913385827,0.726912665144424,0.689744820320074
"PF20171_sc4",0.488188976377953,0.456692913385827,0.708518496910552,0.658680604379607
"PF20171_sc5",0.464566929133858,0.433070866141732,0.714829109424253,0.699245944635831
"PF20171_sc6",0.433070866141732,0.401574803149606,0.703763394628301,0.689623374150532
"PF20171_sc7",0.425196850393701,0.401574803149606,0.692195981925982,0.690968186271547
"PF20171_sc8",0.448818897637795,0.417322834645669,0.708334437551291,0.685835794978548
"PF20171_sc9",0.456692913385827,0.425196850393701,0.710207154120289,0.702381818032124
"PF20171_scovar0",0.0551181102362205,0.0393700787401575,0.285650334320536,0.313370379718839
"PF20171_scovar1",0.0236220472440945,0.0236220472440945,0.237559402418277,0.271567539570757
"PF20171_scovar10",0,0,0.113250633332339,0.113378579988789
"PF20171_scovar11",0,0,0.119712627053147,0.117057560745524
"PF20171_scovar2",0.015748031496063,0.015748031496063,0.240785287327465,0.263785233476279
"PF20171_scovar3",0.0078740157480315,0.0078740157480315,0.208413170318437,0.236903230810494
"PF20171_scovar4",0.0078740157480315,0.0078740157480315,0.151820923484648,0.151188046203492
"PF20171_scovar5",0.0078740157480315,0.0078740157480315,0.13257004909639,0.132002446564944
"PF20171_scovar6",0.0078740157480315,0.0078740157480315,0.120705283246319,0.118693829710901
"PF20171_scovar7",0.0078740157480315,0.0078740157480315,0.125826066607326,0.120600488181346
"PF20171_scovar8",0,0,0.119186341177929,0.123256318410421
"PF20171_scovar9",0.0078740157480315,0.0078740157480315,0.118911264544106,0.117103240515605
"PF20171_sr0",0.0866141732283465,0.0866141732283465,0.309552883721675,0.334658217238645
"PF20171_sr1",0.031496062992126,0.031496062992126,0.304602687724515,0.324549427933809
"PF20171_sr10",0.015748031496063,0.015748031496063,0.30762239398167,0.307757938607815
"PF20171_sr11",0.015748031496063,0.015748031496063,0.297086642899066,0.310650078615352
"PF20171_sr2",0.0078740157480315,0.0078740157480315,0.314016318834628,0.327911368063617
"PF20171_sr3",0.015748031496063,0.015748031496063,0.315436706080751,0.308682880167142
"PF20171_sr4",0.015748031496063,0.015748031496063,0.317707685363738,0.303420436915485
"PF20171_sr5",0.0078740157480315,0.0078740157480315,0.254594691400979,0.252428432950922
"PF20171_sr6",0.015748031496063,0.015748031496063,0.268187840542683,0.262421646385431
"PF20171_sr7",0.015748031496063,0.015748031496063,0.249379495811161,0.252040468340358
"PF20171_sr8",0.0078740157480315,0.0078740157480315,0.27194299466273,0.271897254840577
"PF20171_sr9",0.015748031496063,0.015748031496063,0.283923330110711,0.300190667837734
